task_id,workid,taskcode,worktype,workname,partno,route_no,zzh,planqty,yxj,urgent_tab,plandate,delivery_date_char,reportman,reportdate,rwstate
1,WO-LG-2026-0001,TASK-LG-0001,MES_MAKE,Cylinder Barrel Rough Machining,LGACT-PART-002,RT-LGACT-0001,LGACT-2026-0001,002,002,Y,2026/05/09 08:07:00,20260509,Piston Rod Assembly aviation manufacturing business record used for actuator quality traceability.,2026/05/09 08:07:00,MES_OPEN
2,WO-LG-2026-0002,TASK-LG-0002,MES_BUY,Piston Rod Precision Grinding,LGACT-PART-003,RT-LGACT-0002,LGACT-2026-0002,003,003,Y,2026/05/10 08:14:00,20260510,Cylinder Barrel Assembly aviation manufacturing business record used for actuator quality traceabili,2026/05/10 08:14:00,MES_RUNNING
3,WO-LG-2026-0003,TASK-LG-0003,MES_ASSEMBLY,Inner Bore Honing,LGACT-PART-004,RT-LGACT-0003,LGACT-2026-0003,004,004,N,2026/05/11 08:21:00,20260511,Front End Cap aviation manufacturing business record used for actuator quality traceability.,2026/05/11 08:21:00,MES_CLOSED
4,WO-LG-2026-0004,TASK-LG-0004,MES_SERVICE,Chrome Plating Layer Grinding,LGACT-PART-005,RT-LGACT-0004,LGACT-2026-0004,005,005,Y,2026/05/12 08:28:00,20260512,Rear End Cap aviation manufacturing business record used for actuator quality traceability.,2026/05/12 08:28:00,MES_HOLD
5,WO-LG-2026-0005,TASK-LG-0005,MES_MAKE,Seal Component Assembly,LGACT-PART-006,RT-LGACT-0005,LGACT-2026-0005,006,006,Y,2026/05/13 08:35:00,20260513,Seal Ring Assembly aviation manufacturing business record used for actuator quality traceability.,2026/05/13 08:35:00,MES_OPEN
6,WO-LG-2026-0006,TASK-LG-0006,MES_BUY,Actuator Final Assembly,LGACT-PART-007,RT-LGACT-0006,LGACT-2026-0006,007,007,N,2026/05/14 08:42:00,20260514,Trunnion Bushing aviation manufacturing business record used for actuator quality traceability.,2026/05/14 08:42:00,MES_RUNNING
7,WO-LG-2026-0007,TASK-LG-0007,MES_ASSEMBLY,Pressure Holding Test,LGACT-PART-008,RT-LGACT-0007,LGACT-2026-0007,008,008,Y,2026/05/15 08:49:00,20260515,Spherical Bearing aviation manufacturing business record used for actuator quality traceability.,2026/05/15 08:49:00,MES_CLOSED
8,WO-LG-2026-0008,TASK-LG-0008,MES_SERVICE,Extension and Retraction Function Test,LGACT-PART-009,RT-LGACT-0008,LGACT-2026-0008,009,009,Y,2026/05/16 08:56:00,20260516,Throttle Connector aviation manufacturing business record used for actuator quality traceability.,2026/05/16 08:56:00,MES_HOLD
9,WO-LG-2026-0009,TASK-LG-0009,MES_MAKE,Cylinder Barrel Rough Machining,LGACT-PART-010,RT-LGACT-0009,LGACT-2026-0009,001,001,N,2026/05/17 09:03:00,20260517,Displacement Sensor Bracket aviation manufacturing business record used for actuator quality traceab,2026/05/17 09:03:00,MES_OPEN
10,WO-LG-2026-0010,TASK-LG-0010,MES_BUY,Piston Rod Precision Grinding,LGACT-PART-011,RT-LGACT-0010,LGACT-2026-0010,002,002,Y,2026/05/18 09:10:00,20260518,Locking Nut aviation manufacturing business record used for actuator quality traceability.,2026/05/18 09:10:00,MES_RUNNING
11,WO-LG-2026-0011,TASK-LG-0011,MES_ASSEMBLY,Inner Bore Honing,LGACT-PART-012,RT-LGACT-0011,LGACT-2026-0011,003,003,Y,2026/05/19 09:17:00,20260519,Piston Rod Assembly aviation manufacturing business record used for actuator quality traceability.,2026/05/19 09:17:00,MES_CLOSED
12,WO-LG-2026-0012,TASK-LG-0012,MES_SERVICE,Chrome Plating Layer Grinding,LGACT-PART-013,RT-LGACT-0012,LGACT-2026-0012,004,004,N,2026/05/20 09:24:00,20260520,Cylinder Barrel Assembly aviation manufacturing business record used for actuator quality traceabili,2026/05/20 09:24:00,MES_HOLD
13,WO-LG-2026-0013,TASK-LG-0013,MES_MAKE,Seal Component Assembly,LGACT-PART-014,RT-LGACT-0013,LGACT-2026-0013,005,005,Y,2026/05/21 09:31:00,20260521,Front End Cap aviation manufacturing business record used for actuator quality traceability.,2026/05/21 09:31:00,MES_OPEN
14,WO-LG-2026-0014,TASK-LG-0014,MES_BUY,Actuator Final Assembly,LGACT-PART-015,RT-LGACT-0014,LGACT-2026-0014,006,006,Y,2026/05/22 09:38:00,20260522,Rear End Cap aviation manufacturing business record used for actuator quality traceability.,2026/05/22 09:38:00,MES_RUNNING
15,WO-LG-2026-0015,TASK-LG-0015,MES_ASSEMBLY,Pressure Holding Test,LGACT-PART-016,RT-LGACT-0015,LGACT-2026-0015,007,007,N,2026/05/23 09:45:00,20260523,Seal Ring Assembly aviation manufacturing business record used for actuator quality traceability.,2026/05/23 09:45:00,MES_CLOSED
16,WO-LG-2026-0016,TASK-LG-0016,MES_SERVICE,Extension and Retraction Function Test,LGACT-PART-017,RT-LGACT-0016,LGACT-2026-0016,008,008,Y,2026/05/24 09:52:00,20260524,Trunnion Bushing aviation manufacturing business record used for actuator quality traceability.,2026/05/24 09:52:00,MES_HOLD
17,WO-LG-2026-0017,TASK-LG-0017,MES_MAKE,Cylinder Barrel Rough Machining,LGACT-PART-018,RT-LGACT-0017,LGACT-2026-0017,009,009,Y,2026/05/25 09:59:00,20260525,Spherical Bearing aviation manufacturing business record used for actuator quality traceability.,2026/05/25 09:59:00,MES_OPEN
18,WO-LG-2026-0018,TASK-LG-0018,MES_BUY,Piston Rod Precision Grinding,LGACT-PART-019,RT-LGACT-0018,LGACT-2026-0018,001,001,N,2026/05/26 10:06:00,20260526,Throttle Connector aviation manufacturing business record used for actuator quality traceability.,2026/05/26 10:06:00,MES_RUNNING
19,WO-LG-2026-0019,TASK-LG-0019,MES_ASSEMBLY,Inner Bore Honing,LGACT-PART-020,RT-LGACT-0019,LGACT-2026-0019,002,002,Y,2026/05/27 10:13:00,20260527,Displacement Sensor Bracket aviation manufacturing business record used for actuator quality traceab,2026/05/27 10:13:00,MES_CLOSED
20,WO-LG-2026-0020,TASK-LG-0020,MES_SERVICE,Chrome Plating Layer Grinding,LGACT-PART-001,RT-LGACT-0020,LGACT-2026-0020,003,003,Y,2026/05/28 10:20:00,20260528,Locking Nut aviation manufacturing business record used for actuator quality traceability.,2026/05/28 10:20:00,MES_HOLD
21,WO-LG-2026-0021,TASK-LG-0021,MES_MAKE,Seal Component Assembly,LGACT-PART-002,RT-LGACT-0021,LGACT-2026-0021,004,004,N,2026/05/29 10:27:00,20260529,Piston Rod Assembly aviation manufacturing business record used for actuator quality traceability.,2026/05/29 10:27:00,MES_OPEN
22,WO-LG-2026-0022,TASK-LG-0022,MES_BUY,Actuator Final Assembly,LGACT-PART-003,RT-LGACT-0022,LGACT-2026-0022,005,005,Y,2026/05/30 10:34:00,20260530,Cylinder Barrel Assembly aviation manufacturing business record used for actuator quality traceabili,2026/05/30 10:34:00,MES_RUNNING
23,WO-LG-2026-0023,TASK-LG-0023,MES_ASSEMBLY,Pressure Holding Test,LGACT-PART-004,RT-LGACT-0023,LGACT-2026-0023,006,006,Y,2026/05/31 10:41:00,20260531,Front End Cap aviation manufacturing business record used for actuator quality traceability.,2026/05/31 10:41:00,MES_CLOSED
24,WO-LG-2026-0024,TASK-LG-0024,MES_SERVICE,Extension and Retraction Function Test,LGACT-PART-005,RT-LGACT-0024,LGACT-2026-0024,007,007,N,2026/06/01 10:48:00,20260601,Rear End Cap aviation manufacturing business record used for actuator quality traceability.,2026/06/01 10:48:00,MES_HOLD
25,WO-LG-2026-0025,TASK-LG-0025,MES_MAKE,Cylinder Barrel Rough Machining,LGACT-PART-006,RT-LGACT-0025,LGACT-2026-0025,008,008,Y,2026/06/02 10:55:00,20260602,Seal Ring Assembly aviation manufacturing business record used for actuator quality traceability.,2026/06/02 10:55:00,MES_OPEN
26,WO-LG-2026-0026,TASK-LG-0026,MES_BUY,Piston Rod Precision Grinding,LGACT-PART-007,RT-LGACT-0026,LGACT-2026-0026,009,009,Y,2026/06/03 11:02:00,20260603,Trunnion Bushing aviation manufacturing business record used for actuator quality traceability.,2026/06/03 11:02:00,MES_RUNNING
27,WO-LG-2026-0027,TASK-LG-0027,MES_ASSEMBLY,Inner Bore Honing,LGACT-PART-008,RT-LGACT-0027,LGACT-2026-0027,001,001,N,2026/06/04 11:09:00,20260604,Spherical Bearing aviation manufacturing business record used for actuator quality traceability.,2026/06/04 11:09:00,MES_CLOSED
28,WO-LG-2026-0028,TASK-LG-0028,MES_SERVICE,Chrome Plating Layer Grinding,LGACT-PART-009,RT-LGACT-0028,LGACT-2026-0028,002,002,Y,2026/06/05 11:16:00,20260605,Throttle Connector aviation manufacturing business record used for actuator quality traceability.,2026/06/05 11:16:00,MES_HOLD
29,WO-LG-2026-0029,TASK-LG-0029,MES_MAKE,Seal Component Assembly,LGACT-PART-010,RT-LGACT-0029,LGACT-2026-0029,003,003,Y,2026/05/09 11:23:00,20260509,Displacement Sensor Bracket aviation manufacturing business record used for actuator quality traceab,2026/05/09 11:23:00,MES_OPEN
30,WO-LG-2026-0030,TASK-LG-0030,MES_BUY,Actuator Final Assembly,LGACT-PART-011,RT-LGACT-0030,LGACT-2026-0030,004,004,N,2026/05/10 11:30:00,20260510,Locking Nut aviation manufacturing business record used for actuator quality traceability.,2026/05/10 11:30:00,MES_RUNNING
31,WO-LG-2026-0031,TASK-LG-0031,MES_ASSEMBLY,Pressure Holding Test,LGACT-PART-012,RT-LGACT-0031,LGACT-2026-0031,005,005,Y,2026/05/11 11:37:00,20260511,Piston Rod Assembly aviation manufacturing business record used for actuator quality traceability.,2026/05/11 11:37:00,MES_CLOSED
32,WO-LG-2026-0032,TASK-LG-0032,MES_SERVICE,Extension and Retraction Function Test,LGACT-PART-013,RT-LGACT-0032,LGACT-2026-0032,006,006,Y,2026/05/12 11:44:00,20260512,Cylinder Barrel Assembly aviation manufacturing business record used for actuator quality traceabili,2026/05/12 11:44:00,MES_HOLD
33,WO-LG-2026-0033,TASK-LG-0033,MES_MAKE,Cylinder Barrel Rough Machining,LGACT-PART-014,RT-LGACT-0033,LGACT-2026-0033,007,007,N,2026/05/13 11:51:00,20260513,Front End Cap aviation manufacturing business record used for actuator quality traceability.,2026/05/13 11:51:00,MES_OPEN
34,WO-LG-2026-0034,TASK-LG-0034,MES_BUY,Piston Rod Precision Grinding,LGACT-PART-015,RT-LGACT-0034,LGACT-2026-0034,008,008,Y,2026/05/14 11:58:00,20260514,Rear End Cap aviation manufacturing business record used for actuator quality traceability.,2026/05/14 11:58:00,MES_RUNNING
35,WO-LG-2026-0035,TASK-LG-0035,MES_ASSEMBLY,Inner Bore Honing,LGACT-PART-016,RT-LGACT-0035,LGACT-2026-0035,009,009,Y,2026/05/15 12:05:00,20260515,Seal Ring Assembly aviation manufacturing business record used for actuator quality traceability.,2026/05/15 12:05:00,MES_CLOSED
36,WO-LG-2026-0036,TASK-LG-0036,MES_SERVICE,Chrome Plating Layer Grinding,LGACT-PART-017,RT-LGACT-0036,LGACT-2026-0036,001,001,N,2026/05/16 12:12:00,20260516,Trunnion Bushing aviation manufacturing business record used for actuator quality traceability.,2026/05/16 12:12:00,MES_HOLD
37,WO-LG-2026-0037,TASK-LG-0037,MES_MAKE,Seal Component Assembly,LGACT-PART-018,RT-LGACT-0037,LGACT-2026-0037,002,002,Y,2026/05/17 12:19:00,20260517,Spherical Bearing aviation manufacturing business record used for actuator quality traceability.,2026/05/17 12:19:00,MES_OPEN
38,WO-LG-2026-0038,TASK-LG-0038,MES_BUY,Actuator Final Assembly,LGACT-PART-019,RT-LGACT-0038,LGACT-2026-0038,003,003,Y,2026/05/18 12:26:00,20260518,Throttle Connector aviation manufacturing business record used for actuator quality traceability.,2026/05/18 12:26:00,MES_RUNNING
39,WO-LG-2026-0039,TASK-LG-0039,MES_ASSEMBLY,Pressure Holding Test,LGACT-PART-020,RT-LGACT-0039,LGACT-2026-0039,004,004,N,2026/05/19 12:33:00,20260519,Displacement Sensor Bracket aviation manufacturing business record used for actuator quality traceab,2026/05/19 12:33:00,MES_CLOSED
40,WO-LG-2026-0040,TASK-LG-0040,MES_SERVICE,Extension and Retraction Function Test,LGACT-PART-001,RT-LGACT-0040,LGACT-2026-0040,005,005,Y,2026/05/20 12:40:00,20260520,Locking Nut aviation manufacturing business record used for actuator quality traceability.,2026/05/20 12:40:00,MES_HOLD
41,WO-LG-2026-0041,TASK-LG-0041,MES_MAKE,Cylinder Barrel Rough Machining,LGACT-PART-002,RT-LGACT-0041,LGACT-2026-0041,006,006,Y,2026/05/21 12:47:00,20260521,Piston Rod Assembly aviation manufacturing business record used for actuator quality traceability.,2026/05/21 12:47:00,MES_OPEN
42,WO-LG-2026-0042,TASK-LG-0042,MES_BUY,Piston Rod Precision Grinding,LGACT-PART-003,RT-LGACT-0042,LGACT-2026-0042,007,007,N,2026/05/22 12:54:00,20260522,Cylinder Barrel Assembly aviation manufacturing business record used for actuator quality traceabili,2026/05/22 12:54:00,MES_RUNNING
43,WO-LG-2026-0043,TASK-LG-0043,MES_ASSEMBLY,Inner Bore Honing,LGACT-PART-004,RT-LGACT-0043,LGACT-2026-0043,008,008,Y,2026/05/23 13:01:00,20260523,Front End Cap aviation manufacturing business record used for actuator quality traceability.,2026/05/23 13:01:00,MES_CLOSED
44,WO-LG-2026-0044,TASK-LG-0044,MES_SERVICE,Chrome Plating Layer Grinding,LGACT-PART-005,RT-LGACT-0044,LGACT-2026-0044,009,009,Y,2026/05/24 13:08:00,20260524,Rear End Cap aviation manufacturing business record used for actuator quality traceability.,2026/05/24 13:08:00,MES_HOLD
45,WO-LG-2026-0045,TASK-LG-0045,MES_MAKE,Seal Component Assembly,LGACT-PART-006,RT-LGACT-0045,LGACT-2026-0045,001,001,N,2026/05/25 13:15:00,20260525,Seal Ring Assembly aviation manufacturing business record used for actuator quality traceability.,2026/05/25 13:15:00,MES_OPEN
46,WO-LG-2026-0046,TASK-LG-0046,MES_BUY,Actuator Final Assembly,LGACT-PART-007,RT-LGACT-0046,LGACT-2026-0046,002,002,Y,2026/05/26 13:22:00,20260526,Trunnion Bushing aviation manufacturing business record used for actuator quality traceability.,2026/05/26 13:22:00,MES_RUNNING
47,WO-LG-2026-0047,TASK-LG-0047,MES_ASSEMBLY,Pressure Holding Test,LGACT-PART-008,RT-LGACT-0047,LGACT-2026-0047,003,003,Y,2026/05/27 13:29:00,20260527,Spherical Bearing aviation manufacturing business record used for actuator quality traceability.,2026/05/27 13:29:00,MES_CLOSED
48,WO-LG-2026-0048,TASK-LG-0048,MES_SERVICE,Extension and Retraction Function Test,LGACT-PART-009,RT-LGACT-0048,LGACT-2026-0048,004,004,N,2026/05/28 13:36:00,20260528,Throttle Connector aviation manufacturing business record used for actuator quality traceability.,2026/05/28 13:36:00,MES_HOLD
49,WO-LG-2026-0049,TASK-LG-0049,MES_MAKE,Cylinder Barrel Rough Machining,LGACT-PART-010,RT-LGACT-0049,LGACT-2026-0049,005,005,Y,2026/05/29 13:43:00,20260529,Displacement Sensor Bracket aviation manufacturing business record used for actuator quality traceab,2026/05/29 13:43:00,MES_OPEN
50,WO-LG-2026-0050,TASK-LG-0050,MES_BUY,Piston Rod Precision Grinding,LGACT-PART-011,RT-LGACT-0050,LGACT-2026-0050,006,006,Y,2026/05/30 13:50:00,20260530,Locking Nut aviation manufacturing business record used for actuator quality traceability.,2026/05/30 13:50:00,MES_RUNNING
51,WO-LG-2026-0051,TASK-LG-0051,MES_ASSEMBLY,Inner Bore Honing,LGACT-PART-012,RT-LGACT-0051,LGACT-2026-0051,007,007,N,2026/05/31 13:57:00,20260531,Piston Rod Assembly aviation manufacturing business record used for actuator quality traceability.,2026/05/31 13:57:00,MES_CLOSED
52,WO-LG-2026-0052,TASK-LG-0052,MES_SERVICE,Chrome Plating Layer Grinding,LGACT-PART-013,RT-LGACT-0052,LGACT-2026-0052,008,008,Y,2026/06/01 14:04:00,20260601,Cylinder Barrel Assembly aviation manufacturing business record used for actuator quality traceabili,2026/06/01 14:04:00,MES_HOLD
53,WO-LG-2026-0053,TASK-LG-0053,MES_MAKE,Seal Component Assembly,LGACT-PART-014,RT-LGACT-0053,LGACT-2026-0053,009,009,Y,2026/06/02 14:11:00,20260602,Front End Cap aviation manufacturing business record used for actuator quality traceability.,2026/06/02 14:11:00,MES_OPEN
54,WO-LG-2026-0054,TASK-LG-0054,MES_BUY,Actuator Final Assembly,LGACT-PART-015,RT-LGACT-0054,LGACT-2026-0054,001,001,N,2026/06/03 14:18:00,20260603,Rear End Cap aviation manufacturing business record used for actuator quality traceability.,2026/06/03 14:18:00,MES_RUNNING
55,WO-LG-2026-0055,TASK-LG-0055,MES_ASSEMBLY,Pressure Holding Test,LGACT-PART-016,RT-LGACT-0055,LGACT-2026-0055,002,002,Y,2026/06/04 14:25:00,20260604,Seal Ring Assembly aviation manufacturing business record used for actuator quality traceability.,2026/06/04 14:25:00,MES_CLOSED
56,WO-LG-2026-0056,TASK-LG-0056,MES_SERVICE,Extension and Retraction Function Test,LGACT-PART-017,RT-LGACT-0056,LGACT-2026-0056,003,003,Y,2026/06/05 14:32:00,20260605,Trunnion Bushing aviation manufacturing business record used for actuator quality traceability.,2026/06/05 14:32:00,MES_HOLD
57,WO-LG-2026-0057,TASK-LG-0057,MES_MAKE,Cylinder Barrel Rough Machining,LGACT-PART-018,RT-LGACT-0057,LGACT-2026-0057,004,004,N,2026/05/09 14:39:00,20260509,Spherical Bearing aviation manufacturing business record used for actuator quality traceability.,2026/05/09 14:39:00,MES_OPEN
58,WO-LG-2026-0058,TASK-LG-0058,MES_BUY,Piston Rod Precision Grinding,LGACT-PART-019,RT-LGACT-0058,LGACT-2026-0058,005,005,Y,2026/05/10 14:46:00,20260510,Throttle Connector aviation manufacturing business record used for actuator quality traceability.,2026/05/10 14:46:00,MES_RUNNING
59,WO-LG-2026-0059,TASK-LG-0059,MES_ASSEMBLY,Inner Bore Honing,LGACT-PART-020,RT-LGACT-0059,LGACT-2026-0059,006,006,Y,2026/05/11 14:53:00,20260511,Displacement Sensor Bracket aviation manufacturing business record used for actuator quality traceab,2026/05/11 14:53:00,MES_CLOSED
60,WO-LG-2026-0060,TASK-LG-0060,MES_SERVICE,Chrome Plating Layer Grinding,LGACT-PART-001,RT-LGACT-0060,LGACT-2026-0060,007,007,N,2026/05/12 15:00:00,20260512,Locking Nut aviation manufacturing business record used for actuator quality traceability.,2026/05/12 15:00:00,MES_HOLD
61,WO-LG-2026-0061,TASK-LG-0061,MES_MAKE,Seal Component Assembly,LGACT-PART-002,RT-LGACT-0061,LGACT-2026-0061,008,008,Y,2026/05/13 15:07:00,20260513,Piston Rod Assembly aviation manufacturing business record used for actuator quality traceability.,2026/05/13 15:07:00,MES_OPEN
62,WO-LG-2026-0062,TASK-LG-0062,MES_BUY,Actuator Final Assembly,LGACT-PART-003,RT-LGACT-0062,LGACT-2026-0062,009,009,Y,2026/05/14 15:14:00,20260514,Cylinder Barrel Assembly aviation manufacturing business record used for actuator quality traceabili,2026/05/14 15:14:00,MES_RUNNING
63,WO-LG-2026-0063,TASK-LG-0063,MES_ASSEMBLY,Pressure Holding Test,LGACT-PART-004,RT-LGACT-0063,LGACT-2026-0063,001,001,N,2026/05/15 15:21:00,20260515,Front End Cap aviation manufacturing business record used for actuator quality traceability.,2026/05/15 15:21:00,MES_CLOSED
64,WO-LG-2026-0064,TASK-LG-0064,MES_SERVICE,Extension and Retraction Function Test,LGACT-PART-005,RT-LGACT-0064,LGACT-2026-0064,002,002,Y,2026/05/16 15:28:00,20260516,Rear End Cap aviation manufacturing business record used for actuator quality traceability.,2026/05/16 15:28:00,MES_HOLD
65,WO-LG-2026-0065,TASK-LG-0065,MES_MAKE,Cylinder Barrel Rough Machining,LGACT-PART-006,RT-LGACT-0065,LGACT-2026-0065,003,003,Y,2026/05/17 15:35:00,20260517,Seal Ring Assembly aviation manufacturing business record used for actuator quality traceability.,2026/05/17 15:35:00,MES_OPEN
66,WO-LG-2026-0066,TASK-LG-0066,MES_BUY,Piston Rod Precision Grinding,LGACT-PART-007,RT-LGACT-0066,LGACT-2026-0066,004,004,N,2026/05/18 15:42:00,20260518,Trunnion Bushing aviation manufacturing business record used for actuator quality traceability.,2026/05/18 15:42:00,MES_RUNNING
67,WO-LG-2026-0067,TASK-LG-0067,MES_ASSEMBLY,Inner Bore Honing,LGACT-PART-008,RT-LGACT-0067,LGACT-2026-0067,005,005,Y,2026/05/19 15:49:00,20260519,Spherical Bearing aviation manufacturing business record used for actuator quality traceability.,2026/05/19 15:49:00,MES_CLOSED
68,WO-LG-2026-0068,TASK-LG-0068,MES_SERVICE,Chrome Plating Layer Grinding,LGACT-PART-009,RT-LGACT-0068,LGACT-2026-0068,006,006,Y,2026/05/20 15:56:00,20260520,Throttle Connector aviation manufacturing business record used for actuator quality traceability.,2026/05/20 15:56:00,MES_HOLD
69,WO-LG-2026-0069,TASK-LG-0069,MES_MAKE,Seal Component Assembly,LGACT-PART-010,RT-LGACT-0069,LGACT-2026-0069,007,007,N,2026/05/21 16:03:00,20260521,Displacement Sensor Bracket aviation manufacturing business record used for actuator quality traceab,2026/05/21 16:03:00,MES_OPEN
70,WO-LG-2026-0070,TASK-LG-0070,MES_BUY,Actuator Final Assembly,LGACT-PART-011,RT-LGACT-0070,LGACT-2026-0070,008,008,Y,2026/05/22 16:10:00,20260522,Locking Nut aviation manufacturing business record used for actuator quality traceability.,2026/05/22 16:10:00,MES_RUNNING
71,WO-LG-2026-0071,TASK-LG-0071,MES_ASSEMBLY,Pressure Holding Test,LGACT-PART-012,RT-LGACT-0071,LGACT-2026-0071,009,009,Y,2026/05/23 16:17:00,20260523,Piston Rod Assembly aviation manufacturing business record used for actuator quality traceability.,2026/05/23 16:17:00,MES_CLOSED
72,WO-LG-2026-0072,TASK-LG-0072,MES_SERVICE,Extension and Retraction Function Test,LGACT-PART-013,RT-LGACT-0072,LGACT-2026-0072,001,001,N,2026/05/24 16:24:00,20260524,Cylinder Barrel Assembly aviation manufacturing business record used for actuator quality traceabili,2026/05/24 16:24:00,MES_HOLD
73,WO-LG-2026-0073,TASK-LG-0073,MES_MAKE,Cylinder Barrel Rough Machining,LGACT-PART-014,RT-LGACT-0073,LGACT-2026-0073,002,002,Y,2026/05/25 16:31:00,20260525,Front End Cap aviation manufacturing business record used for actuator quality traceability.,2026/05/25 16:31:00,MES_OPEN
74,WO-LG-2026-0074,TASK-LG-0074,MES_BUY,Piston Rod Precision Grinding,LGACT-PART-015,RT-LGACT-0074,LGACT-2026-0074,003,003,Y,2026/05/26 16:38:00,20260526,Rear End Cap aviation manufacturing business record used for actuator quality traceability.,2026/05/26 16:38:00,MES_RUNNING
75,WO-LG-2026-0075,TASK-LG-0075,MES_ASSEMBLY,Inner Bore Honing,LGACT-PART-016,RT-LGACT-0075,LGACT-2026-0075,004,004,N,2026/05/27 16:45:00,20260527,Seal Ring Assembly aviation manufacturing business record used for actuator quality traceability.,2026/05/27 16:45:00,MES_CLOSED
76,WO-LG-2026-0076,TASK-LG-0076,MES_SERVICE,Chrome Plating Layer Grinding,LGACT-PART-017,RT-LGACT-0076,LGACT-2026-0076,005,005,Y,2026/05/28 16:52:00,20260528,Trunnion Bushing aviation manufacturing business record used for actuator quality traceability.,2026/05/28 16:52:00,MES_HOLD
77,WO-LG-2026-0077,TASK-LG-0077,MES_MAKE,Seal Component Assembly,LGACT-PART-018,RT-LGACT-0077,LGACT-2026-0077,006,006,Y,2026/05/29 16:59:00,20260529,Spherical Bearing aviation manufacturing business record used for actuator quality traceability.,2026/05/29 16:59:00,MES_OPEN
78,WO-LG-2026-0078,TASK-LG-0078,MES_BUY,Actuator Final Assembly,LGACT-PART-019,RT-LGACT-0078,LGACT-2026-0078,007,007,N,2026/05/30 17:06:00,20260530,Throttle Connector aviation manufacturing business record used for actuator quality traceability.,2026/05/30 17:06:00,MES_RUNNING
79,WO-LG-2026-0079,TASK-LG-0079,MES_ASSEMBLY,Pressure Holding Test,LGACT-PART-020,RT-LGACT-0079,LGACT-2026-0079,008,008,Y,2026/05/31 17:13:00,20260531,Displacement Sensor Bracket aviation manufacturing business record used for actuator quality traceab,2026/05/31 17:13:00,MES_CLOSED
80,WO-LG-2026-0080,TASK-LG-0080,MES_SERVICE,Extension and Retraction Function Test,LGACT-PART-001,RT-LGACT-0080,LGACT-2026-0080,009,009,Y,2026/06/01 17:20:00,20260601,Locking Nut aviation manufacturing business record used for actuator quality traceability.,2026/06/01 17:20:00,MES_HOLD
81,WO-LG-2026-0081,TASK-LG-0081,MES_MAKE,Cylinder Barrel Rough Machining,LGACT-PART-002,RT-LGACT-0081,LGACT-2026-0081,001,001,N,2026/06/02 17:27:00,20260602,Piston Rod Assembly aviation manufacturing business record used for actuator quality traceability.,2026/06/02 17:27:00,MES_OPEN
82,WO-LG-2026-0082,TASK-LG-0082,MES_BUY,Piston Rod Precision Grinding,LGACT-PART-003,RT-LGACT-0082,LGACT-2026-0082,002,002,Y,2026/06/03 17:34:00,20260603,Cylinder Barrel Assembly aviation manufacturing business record used for actuator quality traceabili,2026/06/03 17:34:00,MES_RUNNING
83,WO-LG-2026-0083,TASK-LG-0083,MES_ASSEMBLY,Inner Bore Honing,LGACT-PART-004,RT-LGACT-0083,LGACT-2026-0083,003,003,Y,2026/06/04 17:41:00,20260604,Front End Cap aviation manufacturing business record used for actuator quality traceability.,2026/06/04 17:41:00,MES_CLOSED
84,WO-LG-2026-0084,TASK-LG-0084,MES_SERVICE,Chrome Plating Layer Grinding,LGACT-PART-005,RT-LGACT-0084,LGACT-2026-0084,004,004,N,2026/06/05 17:48:00,20260605,Rear End Cap aviation manufacturing business record used for actuator quality traceability.,2026/06/05 17:48:00,MES_HOLD
85,WO-LG-2026-0085,TASK-LG-0085,MES_MAKE,Seal Component Assembly,LGACT-PART-006,RT-LGACT-0085,LGACT-2026-0085,005,005,Y,2026/05/09 17:55:00,20260509,Seal Ring Assembly aviation manufacturing business record used for actuator quality traceability.,2026/05/09 17:55:00,MES_OPEN
86,WO-LG-2026-0086,TASK-LG-0086,MES_BUY,Actuator Final Assembly,LGACT-PART-007,RT-LGACT-0086,LGACT-2026-0086,006,006,Y,2026/05/10 18:02:00,20260510,Trunnion Bushing aviation manufacturing business record used for actuator quality traceability.,2026/05/10 18:02:00,MES_RUNNING
87,WO-LG-2026-0087,TASK-LG-0087,MES_ASSEMBLY,Pressure Holding Test,LGACT-PART-008,RT-LGACT-0087,LGACT-2026-0087,007,007,N,2026/05/11 18:09:00,20260511,Spherical Bearing aviation manufacturing business record used for actuator quality traceability.,2026/05/11 18:09:00,MES_CLOSED
88,WO-LG-2026-0088,TASK-LG-0088,MES_SERVICE,Extension and Retraction Function Test,LGACT-PART-009,RT-LGACT-0088,LGACT-2026-0088,008,008,Y,2026/05/12 18:16:00,20260512,Throttle Connector aviation manufacturing business record used for actuator quality traceability.,2026/05/12 18:16:00,MES_HOLD
89,WO-LG-2026-0089,TASK-LG-0089,MES_MAKE,Cylinder Barrel Rough Machining,LGACT-PART-010,RT-LGACT-0089,LGACT-2026-0089,009,009,Y,2026/05/13 18:23:00,20260513,Displacement Sensor Bracket aviation manufacturing business record used for actuator quality traceab,2026/05/13 18:23:00,MES_OPEN
90,WO-LG-2026-0090,TASK-LG-0090,MES_BUY,Piston Rod Precision Grinding,LGACT-PART-011,RT-LGACT-0090,LGACT-2026-0090,001,001,N,2026/05/14 18:30:00,20260514,Locking Nut aviation manufacturing business record used for actuator quality traceability.,2026/05/14 18:30:00,MES_RUNNING
91,WO-LG-2026-0091,TASK-LG-0091,MES_ASSEMBLY,Inner Bore Honing,LGACT-PART-012,RT-LGACT-0091,LGACT-2026-0091,002,002,Y,2026/05/15 18:37:00,20260515,Piston Rod Assembly aviation manufacturing business record used for actuator quality traceability.,2026/05/15 18:37:00,MES_CLOSED
92,WO-LG-2026-0092,TASK-LG-0092,MES_SERVICE,Chrome Plating Layer Grinding,LGACT-PART-013,RT-LGACT-0092,LGACT-2026-0092,003,003,Y,2026/05/16 18:44:00,20260516,Cylinder Barrel Assembly aviation manufacturing business record used for actuator quality traceabili,2026/05/16 18:44:00,MES_HOLD
93,WO-LG-2026-0093,TASK-LG-0093,MES_MAKE,Seal Component Assembly,LGACT-PART-014,RT-LGACT-0093,LGACT-2026-0093,004,004,N,2026/05/17 18:51:00,20260517,Front End Cap aviation manufacturing business record used for actuator quality traceability.,2026/05/17 18:51:00,MES_OPEN
94,WO-LG-2026-0094,TASK-LG-0094,MES_BUY,Actuator Final Assembly,LGACT-PART-015,RT-LGACT-0094,LGACT-2026-0094,005,005,Y,2026/05/18 18:58:00,20260518,Rear End Cap aviation manufacturing business record used for actuator quality traceability.,2026/05/18 18:58:00,MES_RUNNING
95,WO-LG-2026-0095,TASK-LG-0095,MES_ASSEMBLY,Pressure Holding Test,LGACT-PART-016,RT-LGACT-0095,LGACT-2026-0095,006,006,Y,2026/05/19 19:05:00,20260519,Seal Ring Assembly aviation manufacturing business record used for actuator quality traceability.,2026/05/19 19:05:00,MES_CLOSED
96,WO-LG-2026-0096,TASK-LG-0096,MES_SERVICE,Extension and Retraction Function Test,LGACT-PART-017,RT-LGACT-0096,LGACT-2026-0096,007,007,N,2026/05/20 19:12:00,20260520,Trunnion Bushing aviation manufacturing business record used for actuator quality traceability.,2026/05/20 19:12:00,MES_HOLD
97,WO-LG-2026-0097,TASK-LG-0097,MES_MAKE,Cylinder Barrel Rough Machining,LGACT-PART-018,RT-LGACT-0097,LGACT-2026-0097,008,008,Y,2026/05/21 19:19:00,20260521,Spherical Bearing aviation manufacturing business record used for actuator quality traceability.,2026/05/21 19:19:00,MES_OPEN
98,WO-LG-2026-0098,TASK-LG-0098,MES_BUY,Piston Rod Precision Grinding,LGACT-PART-019,RT-LGACT-0098,LGACT-2026-0098,009,009,Y,2026/05/22 19:26:00,20260522,Throttle Connector aviation manufacturing business record used for actuator quality traceability.,2026/05/22 19:26:00,MES_RUNNING
99,WO-LG-2026-0099,TASK-LG-0099,MES_ASSEMBLY,Inner Bore Honing,LGACT-PART-020,RT-LGACT-0099,LGACT-2026-0099,001,001,N,2026/05/23 19:33:00,20260523,Displacement Sensor Bracket aviation manufacturing business record used for actuator quality traceab,2026/05/23 19:33:00,MES_CLOSED
100,WO-LG-2026-0100,TASK-LG-0100,MES_SERVICE,Chrome Plating Layer Grinding,LGACT-PART-001,RT-LGACT-0100,LGACT-2026-0100,002,002,Y,2026/05/24 19:40:00,20260524,Locking Nut aviation manufacturing business record used for actuator quality traceability.,2026/05/24 19:40:00,MES_HOLD
101,WO-LG-2026-0101,TASK-LG-0101,MES_MAKE,Seal Component Assembly,LGACT-PART-002,RT-LGACT-0101,LGACT-2026-0101,003,003,Y,2026/05/25 19:47:00,20260525,Piston Rod Assembly aviation manufacturing business record used for actuator quality traceability.,2026/05/25 19:47:00,MES_OPEN
102,WO-LG-2026-0102,TASK-LG-0102,MES_BUY,Actuator Final Assembly,LGACT-PART-003,RT-LGACT-0102,LGACT-2026-0102,004,004,N,2026/05/26 19:54:00,20260526,Cylinder Barrel Assembly aviation manufacturing business record used for actuator quality traceabili,2026/05/26 19:54:00,MES_RUNNING
103,WO-LG-2026-0103,TASK-LG-0103,MES_ASSEMBLY,Pressure Holding Test,LGACT-PART-004,RT-LGACT-0103,LGACT-2026-0103,005,005,Y,2026/05/27 20:01:00,20260527,Front End Cap aviation manufacturing business record used for actuator quality traceability.,2026/05/27 20:01:00,MES_CLOSED
104,WO-LG-2026-0104,TASK-LG-0104,MES_SERVICE,Extension and Retraction Function Test,LGACT-PART-005,RT-LGACT-0104,LGACT-2026-0104,006,006,Y,2026/05/28 20:08:00,20260528,Rear End Cap aviation manufacturing business record used for actuator quality traceability.,2026/05/28 20:08:00,MES_HOLD
105,WO-LG-2026-0105,TASK-LG-0105,MES_MAKE,Cylinder Barrel Rough Machining,LGACT-PART-006,RT-LGACT-0105,LGACT-2026-0105,007,007,N,2026/05/29 20:15:00,20260529,Seal Ring Assembly aviation manufacturing business record used for actuator quality traceability.,2026/05/29 20:15:00,MES_OPEN
106,WO-LG-2026-0106,TASK-LG-0106,MES_BUY,Piston Rod Precision Grinding,LGACT-PART-007,RT-LGACT-0106,LGACT-2026-0106,008,008,Y,2026/05/30 20:22:00,20260530,Trunnion Bushing aviation manufacturing business record used for actuator quality traceability.,2026/05/30 20:22:00,MES_RUNNING
107,WO-LG-2026-0107,TASK-LG-0107,MES_ASSEMBLY,Inner Bore Honing,LGACT-PART-008,RT-LGACT-0107,LGACT-2026-0107,009,009,Y,2026/05/31 20:29:00,20260531,Spherical Bearing aviation manufacturing business record used for actuator quality traceability.,2026/05/31 20:29:00,MES_CLOSED
108,WO-LG-2026-0108,TASK-LG-0108,MES_SERVICE,Chrome Plating Layer Grinding,LGACT-PART-009,RT-LGACT-0108,LGACT-2026-0108,001,001,N,2026/06/01 20:36:00,20260601,Throttle Connector aviation manufacturing business record used for actuator quality traceability.,2026/06/01 20:36:00,MES_HOLD
109,WO-LG-2026-0109,TASK-LG-0109,MES_MAKE,Seal Component Assembly,LGACT-PART-010,RT-LGACT-0109,LGACT-2026-0109,002,002,Y,2026/06/02 20:43:00,20260602,Displacement Sensor Bracket aviation manufacturing business record used for actuator quality traceab,2026/06/02 20:43:00,MES_OPEN
110,WO-LG-2026-0110,TASK-LG-0110,MES_BUY,Actuator Final Assembly,LGACT-PART-011,RT-LGACT-0110,LGACT-2026-0110,003,003,Y,2026/06/03 20:50:00,20260603,Locking Nut aviation manufacturing business record used for actuator quality traceability.,2026/06/03 20:50:00,MES_RUNNING
111,WO-LG-2026-0111,TASK-LG-0111,MES_ASSEMBLY,Pressure Holding Test,LGACT-PART-012,RT-LGACT-0111,LGACT-2026-0111,004,004,N,2026/06/04 20:57:00,20260604,Piston Rod Assembly aviation manufacturing business record used for actuator quality traceability.,2026/06/04 20:57:00,MES_CLOSED
112,WO-LG-2026-0112,TASK-LG-0112,MES_SERVICE,Extension and Retraction Function Test,LGACT-PART-013,RT-LGACT-0112,LGACT-2026-0112,005,005,Y,2026/06/05 21:04:00,20260605,Cylinder Barrel Assembly aviation manufacturing business record used for actuator quality traceabili,2026/06/05 21:04:00,MES_HOLD
113,WO-LG-2026-0113,TASK-LG-0113,MES_MAKE,Cylinder Barrel Rough Machining,LGACT-PART-014,RT-LGACT-0113,LGACT-2026-0113,006,006,Y,2026/05/09 21:11:00,20260509,Front End Cap aviation manufacturing business record used for actuator quality traceability.,2026/05/09 21:11:00,MES_OPEN
114,WO-LG-2026-0114,TASK-LG-0114,MES_BUY,Piston Rod Precision Grinding,LGACT-PART-015,RT-LGACT-0114,LGACT-2026-0114,007,007,N,2026/05/10 21:18:00,20260510,Rear End Cap aviation manufacturing business record used for actuator quality traceability.,2026/05/10 21:18:00,MES_RUNNING
115,WO-LG-2026-0115,TASK-LG-0115,MES_ASSEMBLY,Inner Bore Honing,LGACT-PART-016,RT-LGACT-0115,LGACT-2026-0115,008,008,Y,2026/05/11 21:25:00,20260511,Seal Ring Assembly aviation manufacturing business record used for actuator quality traceability.,2026/05/11 21:25:00,MES_CLOSED
116,WO-LG-2026-0116,TASK-LG-0116,MES_SERVICE,Chrome Plating Layer Grinding,LGACT-PART-017,RT-LGACT-0116,LGACT-2026-0116,009,009,Y,2026/05/12 21:32:00,20260512,Trunnion Bushing aviation manufacturing business record used for actuator quality traceability.,2026/05/12 21:32:00,MES_HOLD
117,WO-LG-2026-0117,TASK-LG-0117,MES_MAKE,Seal Component Assembly,LGACT-PART-018,RT-LGACT-0117,LGACT-2026-0117,001,001,N,2026/05/13 21:39:00,20260513,Spherical Bearing aviation manufacturing business record used for actuator quality traceability.,2026/05/13 21:39:00,MES_OPEN
118,WO-LG-2026-0118,TASK-LG-0118,MES_BUY,Actuator Final Assembly,LGACT-PART-019,RT-LGACT-0118,LGACT-2026-0118,002,002,Y,2026/05/14 21:46:00,20260514,Throttle Connector aviation manufacturing business record used for actuator quality traceability.,2026/05/14 21:46:00,MES_RUNNING
119,WO-LG-2026-0119,TASK-LG-0119,MES_ASSEMBLY,Pressure Holding Test,LGACT-PART-020,RT-LGACT-0119,LGACT-2026-0119,003,003,Y,2026/05/15 21:53:00,20260515,Displacement Sensor Bracket aviation manufacturing business record used for actuator quality traceab,2026/05/15 21:53:00,MES_CLOSED
120,WO-LG-2026-0120,TASK-LG-0120,MES_SERVICE,Extension and Retraction Function Test,LGACT-PART-001,RT-LGACT-0120,LGACT-2026-0120,004,004,N,2026/05/16 22:00:00,20260516,Locking Nut aviation manufacturing business record used for actuator quality traceability.,2026/05/16 22:00:00,MES_HOLD
121,WO-LG-2026-0121,TASK-LG-0121,MES_MAKE,Cylinder Barrel Rough Machining,LGACT-PART-002,RT-LGACT-0121,LGACT-2026-0121,005,005,Y,2026/05/17 22:07:00,20260517,Piston Rod Assembly aviation manufacturing business record used for actuator quality traceability.,2026/05/17 22:07:00,MES_OPEN
122,WO-LG-2026-0122,TASK-LG-0122,MES_BUY,Piston Rod Precision Grinding,LGACT-PART-003,RT-LGACT-0122,LGACT-2026-0122,006,006,Y,2026/05/18 22:14:00,20260518,Cylinder Barrel Assembly aviation manufacturing business record used for actuator quality traceabili,2026/05/18 22:14:00,MES_RUNNING
123,WO-LG-2026-0123,TASK-LG-0123,MES_ASSEMBLY,Inner Bore Honing,LGACT-PART-004,RT-LGACT-0123,LGACT-2026-0123,007,007,N,2026/05/19 22:21:00,20260519,Front End Cap aviation manufacturing business record used for actuator quality traceability.,2026/05/19 22:21:00,MES_CLOSED
124,WO-LG-2026-0124,TASK-LG-0124,MES_SERVICE,Chrome Plating Layer Grinding,LGACT-PART-005,RT-LGACT-0124,LGACT-2026-0124,008,008,Y,2026/05/20 22:28:00,20260520,Rear End Cap aviation manufacturing business record used for actuator quality traceability.,2026/05/20 22:28:00,MES_HOLD
125,WO-LG-2026-0125,TASK-LG-0125,MES_MAKE,Seal Component Assembly,LGACT-PART-006,RT-LGACT-0125,LGACT-2026-0125,009,009,Y,2026/05/21 22:35:00,20260521,Seal Ring Assembly aviation manufacturing business record used for actuator quality traceability.,2026/05/21 22:35:00,MES_OPEN
126,WO-LG-2026-0126,TASK-LG-0126,MES_BUY,Actuator Final Assembly,LGACT-PART-007,RT-LGACT-0126,LGACT-2026-0126,001,001,N,2026/05/22 22:42:00,20260522,Trunnion Bushing aviation manufacturing business record used for actuator quality traceability.,2026/05/22 22:42:00,MES_RUNNING
127,WO-LG-2026-0127,TASK-LG-0127,MES_ASSEMBLY,Pressure Holding Test,LGACT-PART-008,RT-LGACT-0127,LGACT-2026-0127,002,002,Y,2026/05/23 22:49:00,20260523,Spherical Bearing aviation manufacturing business record used for actuator quality traceability.,2026/05/23 22:49:00,MES_CLOSED
128,WO-LG-2026-0128,TASK-LG-0128,MES_SERVICE,Extension and Retraction Function Test,LGACT-PART-009,RT-LGACT-0128,LGACT-2026-0128,003,003,Y,2026/05/24 22:56:00,20260524,Throttle Connector aviation manufacturing business record used for actuator quality traceability.,2026/05/24 22:56:00,MES_HOLD
129,WO-LG-2026-0129,TASK-LG-0129,MES_MAKE,Cylinder Barrel Rough Machining,LGACT-PART-010,RT-LGACT-0129,LGACT-2026-0129,004,004,N,2026/05/25 23:03:00,20260525,Displacement Sensor Bracket aviation manufacturing business record used for actuator quality traceab,2026/05/25 23:03:00,MES_OPEN
130,WO-LG-2026-0130,TASK-LG-0130,MES_BUY,Piston Rod Precision Grinding,LGACT-PART-011,RT-LGACT-0130,LGACT-2026-0130,005,005,Y,2026/05/26 23:10:00,20260526,Locking Nut aviation manufacturing business record used for actuator quality traceability.,2026/05/26 23:10:00,MES_RUNNING
131,WO-LG-2026-0131,TASK-LG-0131,MES_ASSEMBLY,Inner Bore Honing,LGACT-PART-012,RT-LGACT-0131,LGACT-2026-0131,006,006,Y,2026/05/27 23:17:00,20260527,Piston Rod Assembly aviation manufacturing business record used for actuator quality traceability.,2026/05/27 23:17:00,MES_CLOSED
132,WO-LG-2026-0132,TASK-LG-0132,MES_SERVICE,Chrome Plating Layer Grinding,LGACT-PART-013,RT-LGACT-0132,LGACT-2026-0132,007,007,N,2026/05/28 23:24:00,20260528,Cylinder Barrel Assembly aviation manufacturing business record used for actuator quality traceabili,2026/05/28 23:24:00,MES_HOLD
133,WO-LG-2026-0133,TASK-LG-0133,MES_MAKE,Seal Component Assembly,LGACT-PART-014,RT-LGACT-0133,LGACT-2026-0133,008,008,Y,2026/05/29 23:31:00,20260529,Front End Cap aviation manufacturing business record used for actuator quality traceability.,2026/05/29 23:31:00,MES_OPEN
134,WO-LG-2026-0134,TASK-LG-0134,MES_BUY,Actuator Final Assembly,LGACT-PART-015,RT-LGACT-0134,LGACT-2026-0134,009,009,Y,2026/05/30 23:38:00,20260530,Rear End Cap aviation manufacturing business record used for actuator quality traceability.,2026/05/30 23:38:00,MES_RUNNING
135,WO-LG-2026-0135,TASK-LG-0135,MES_ASSEMBLY,Pressure Holding Test,LGACT-PART-016,RT-LGACT-0135,LGACT-2026-0135,001,001,N,2026/05/31 23:45:00,20260531,Seal Ring Assembly aviation manufacturing business record used for actuator quality traceability.,2026/05/31 23:45:00,MES_CLOSED
136,WO-LG-2026-0136,TASK-LG-0136,MES_SERVICE,Extension and Retraction Function Test,LGACT-PART-017,RT-LGACT-0136,LGACT-2026-0136,002,002,Y,2026/06/01 23:52:00,20260601,Trunnion Bushing aviation manufacturing business record used for actuator quality traceability.,2026/06/01 23:52:00,MES_HOLD
137,WO-LG-2026-0137,TASK-LG-0137,MES_MAKE,Cylinder Barrel Rough Machining,LGACT-PART-018,RT-LGACT-0137,LGACT-2026-0137,003,003,Y,2026/06/02 23:59:00,20260602,Spherical Bearing aviation manufacturing business record used for actuator quality traceability.,2026/06/02 23:59:00,MES_OPEN
138,WO-LG-2026-0138,TASK-LG-0138,MES_BUY,Piston Rod Precision Grinding,LGACT-PART-019,RT-LGACT-0138,LGACT-2026-0138,004,004,N,2026/06/04 00:06:00,20260604,Throttle Connector aviation manufacturing business record used for actuator quality traceability.,2026/06/04 00:06:00,MES_RUNNING
139,WO-LG-2026-0139,TASK-LG-0139,MES_ASSEMBLY,Inner Bore Honing,LGACT-PART-020,RT-LGACT-0139,LGACT-2026-0139,005,005,Y,2026/06/05 00:13:00,20260605,Displacement Sensor Bracket aviation manufacturing business record used for actuator quality traceab,2026/06/05 00:13:00,MES_CLOSED
140,WO-LG-2026-0140,TASK-LG-0140,MES_SERVICE,Chrome Plating Layer Grinding,LGACT-PART-001,RT-LGACT-0140,LGACT-2026-0140,006,006,Y,2026/06/06 00:20:00,20260606,Locking Nut aviation manufacturing business record used for actuator quality traceability.,2026/06/06 00:20:00,MES_HOLD
141,WO-LG-2026-0141,TASK-LG-0141,MES_MAKE,Seal Component Assembly,LGACT-PART-002,RT-LGACT-0141,LGACT-2026-0141,007,007,N,2026/05/10 00:27:00,20260510,Piston Rod Assembly aviation manufacturing business record used for actuator quality traceability.,2026/05/10 00:27:00,MES_OPEN
142,WO-LG-2026-0142,TASK-LG-0142,MES_BUY,Actuator Final Assembly,LGACT-PART-003,RT-LGACT-0142,LGACT-2026-0142,008,008,Y,2026/05/11 00:34:00,20260511,Cylinder Barrel Assembly aviation manufacturing business record used for actuator quality traceabili,2026/05/11 00:34:00,MES_RUNNING
143,WO-LG-2026-0143,TASK-LG-0143,MES_ASSEMBLY,Pressure Holding Test,LGACT-PART-004,RT-LGACT-0143,LGACT-2026-0143,009,009,Y,2026/05/12 00:41:00,20260512,Front End Cap aviation manufacturing business record used for actuator quality traceability.,2026/05/12 00:41:00,MES_CLOSED
144,WO-LG-2026-0144,TASK-LG-0144,MES_SERVICE,Extension and Retraction Function Test,LGACT-PART-005,RT-LGACT-0144,LGACT-2026-0144,001,001,N,2026/05/13 00:48:00,20260513,Rear End Cap aviation manufacturing business record used for actuator quality traceability.,2026/05/13 00:48:00,MES_HOLD
145,WO-LG-2026-0145,TASK-LG-0145,MES_MAKE,Cylinder Barrel Rough Machining,LGACT-PART-006,RT-LGACT-0145,LGACT-2026-0145,002,002,Y,2026/05/14 00:55:00,20260514,Seal Ring Assembly aviation manufacturing business record used for actuator quality traceability.,2026/05/14 00:55:00,MES_OPEN
146,WO-LG-2026-0146,TASK-LG-0146,MES_BUY,Piston Rod Precision Grinding,LGACT-PART-007,RT-LGACT-0146,LGACT-2026-0146,003,003,Y,2026/05/15 01:02:00,20260515,Trunnion Bushing aviation manufacturing business record used for actuator quality traceability.,2026/05/15 01:02:00,MES_RUNNING
147,WO-LG-2026-0147,TASK-LG-0147,MES_ASSEMBLY,Inner Bore Honing,LGACT-PART-008,RT-LGACT-0147,LGACT-2026-0147,004,004,N,2026/05/16 01:09:00,20260516,Spherical Bearing aviation manufacturing business record used for actuator quality traceability.,2026/05/16 01:09:00,MES_CLOSED
148,WO-LG-2026-0148,TASK-LG-0148,MES_SERVICE,Chrome Plating Layer Grinding,LGACT-PART-009,RT-LGACT-0148,LGACT-2026-0148,005,005,Y,2026/05/17 01:16:00,20260517,Throttle Connector aviation manufacturing business record used for actuator quality traceability.,2026/05/17 01:16:00,MES_HOLD
149,WO-LG-2026-0149,TASK-LG-0149,MES_MAKE,Seal Component Assembly,LGACT-PART-010,RT-LGACT-0149,LGACT-2026-0149,006,006,Y,2026/05/18 01:23:00,20260518,Displacement Sensor Bracket aviation manufacturing business record used for actuator quality traceab,2026/05/18 01:23:00,MES_OPEN
150,WO-LG-2026-0150,TASK-LG-0150,MES_BUY,Actuator Final Assembly,LGACT-PART-011,RT-LGACT-0150,LGACT-2026-0150,007,007,N,2026/05/19 01:30:00,20260519,Locking Nut aviation manufacturing business record used for actuator quality traceability.,2026/05/19 01:30:00,MES_RUNNING
151,WO-LG-2026-0151,TASK-LG-0151,MES_ASSEMBLY,Pressure Holding Test,LGACT-PART-012,RT-LGACT-0151,LGACT-2026-0151,008,008,Y,2026/05/20 01:37:00,20260520,Piston Rod Assembly aviation manufacturing business record used for actuator quality traceability.,2026/05/20 01:37:00,MES_CLOSED
152,WO-LG-2026-0152,TASK-LG-0152,MES_SERVICE,Extension and Retraction Function Test,LGACT-PART-013,RT-LGACT-0152,LGACT-2026-0152,009,009,Y,2026/05/21 01:44:00,20260521,Cylinder Barrel Assembly aviation manufacturing business record used for actuator quality traceabili,2026/05/21 01:44:00,MES_HOLD
153,WO-LG-2026-0153,TASK-LG-0153,MES_MAKE,Cylinder Barrel Rough Machining,LGACT-PART-014,RT-LGACT-0153,LGACT-2026-0153,001,001,N,2026/05/22 01:51:00,20260522,Front End Cap aviation manufacturing business record used for actuator quality traceability.,2026/05/22 01:51:00,MES_OPEN
154,WO-LG-2026-0154,TASK-LG-0154,MES_BUY,Piston Rod Precision Grinding,LGACT-PART-015,RT-LGACT-0154,LGACT-2026-0154,002,002,Y,2026/05/23 01:58:00,20260523,Rear End Cap aviation manufacturing business record used for actuator quality traceability.,2026/05/23 01:58:00,MES_RUNNING
155,WO-LG-2026-0155,TASK-LG-0155,MES_ASSEMBLY,Inner Bore Honing,LGACT-PART-016,RT-LGACT-0155,LGACT-2026-0155,003,003,Y,2026/05/24 02:05:00,20260524,Seal Ring Assembly aviation manufacturing business record used for actuator quality traceability.,2026/05/24 02:05:00,MES_CLOSED
156,WO-LG-2026-0156,TASK-LG-0156,MES_SERVICE,Chrome Plating Layer Grinding,LGACT-PART-017,RT-LGACT-0156,LGACT-2026-0156,004,004,N,2026/05/25 02:12:00,20260525,Trunnion Bushing aviation manufacturing business record used for actuator quality traceability.,2026/05/25 02:12:00,MES_HOLD
157,WO-LG-2026-0157,TASK-LG-0157,MES_MAKE,Seal Component Assembly,LGACT-PART-018,RT-LGACT-0157,LGACT-2026-0157,005,005,Y,2026/05/26 02:19:00,20260526,Spherical Bearing aviation manufacturing business record used for actuator quality traceability.,2026/05/26 02:19:00,MES_OPEN
158,WO-LG-2026-0158,TASK-LG-0158,MES_BUY,Actuator Final Assembly,LGACT-PART-019,RT-LGACT-0158,LGACT-2026-0158,006,006,Y,2026/05/27 02:26:00,20260527,Throttle Connector aviation manufacturing business record used for actuator quality traceability.,2026/05/27 02:26:00,MES_RUNNING
159,WO-LG-2026-0159,TASK-LG-0159,MES_ASSEMBLY,Pressure Holding Test,LGACT-PART-020,RT-LGACT-0159,LGACT-2026-0159,007,007,N,2026/05/28 02:33:00,20260528,Displacement Sensor Bracket aviation manufacturing business record used for actuator quality traceab,2026/05/28 02:33:00,MES_CLOSED
160,WO-LG-2026-0160,TASK-LG-0160,MES_SERVICE,Extension and Retraction Function Test,LGACT-PART-001,RT-LGACT-0160,LGACT-2026-0160,008,008,Y,2026/05/29 02:40:00,20260529,Locking Nut aviation manufacturing business record used for actuator quality traceability.,2026/05/29 02:40:00,MES_HOLD
161,WO-LG-2026-0161,TASK-LG-0161,MES_MAKE,Cylinder Barrel Rough Machining,LGACT-PART-002,RT-LGACT-0161,LGACT-2026-0161,009,009,Y,2026/05/30 02:47:00,20260530,Piston Rod Assembly aviation manufacturing business record used for actuator quality traceability.,2026/05/30 02:47:00,MES_OPEN
162,WO-LG-2026-0162,TASK-LG-0162,MES_BUY,Piston Rod Precision Grinding,LGACT-PART-003,RT-LGACT-0162,LGACT-2026-0162,001,001,N,2026/05/31 02:54:00,20260531,Cylinder Barrel Assembly aviation manufacturing business record used for actuator quality traceabili,2026/05/31 02:54:00,MES_RUNNING
163,WO-LG-2026-0163,TASK-LG-0163,MES_ASSEMBLY,Inner Bore Honing,LGACT-PART-004,RT-LGACT-0163,LGACT-2026-0163,002,002,Y,2026/06/01 03:01:00,20260601,Front End Cap aviation manufacturing business record used for actuator quality traceability.,2026/06/01 03:01:00,MES_CLOSED
164,WO-LG-2026-0164,TASK-LG-0164,MES_SERVICE,Chrome Plating Layer Grinding,LGACT-PART-005,RT-LGACT-0164,LGACT-2026-0164,003,003,Y,2026/06/02 03:08:00,20260602,Rear End Cap aviation manufacturing business record used for actuator quality traceability.,2026/06/02 03:08:00,MES_HOLD
165,WO-LG-2026-0165,TASK-LG-0165,MES_MAKE,Seal Component Assembly,LGACT-PART-006,RT-LGACT-0165,LGACT-2026-0165,004,004,N,2026/06/03 03:15:00,20260603,Seal Ring Assembly aviation manufacturing business record used for actuator quality traceability.,2026/06/03 03:15:00,MES_OPEN
166,WO-LG-2026-0166,TASK-LG-0166,MES_BUY,Actuator Final Assembly,LGACT-PART-007,RT-LGACT-0166,LGACT-2026-0166,005,005,Y,2026/06/04 03:22:00,20260604,Trunnion Bushing aviation manufacturing business record used for actuator quality traceability.,2026/06/04 03:22:00,MES_RUNNING
167,WO-LG-2026-0167,TASK-LG-0167,MES_ASSEMBLY,Pressure Holding Test,LGACT-PART-008,RT-LGACT-0167,LGACT-2026-0167,006,006,Y,2026/06/05 03:29:00,20260605,Spherical Bearing aviation manufacturing business record used for actuator quality traceability.,2026/06/05 03:29:00,MES_CLOSED
168,WO-LG-2026-0168,TASK-LG-0168,MES_SERVICE,Extension and Retraction Function Test,LGACT-PART-009,RT-LGACT-0168,LGACT-2026-0168,007,007,N,2026/06/06 03:36:00,20260606,Throttle Connector aviation manufacturing business record used for actuator quality traceability.,2026/06/06 03:36:00,MES_HOLD
169,WO-LG-2026-0169,TASK-LG-0169,MES_MAKE,Cylinder Barrel Rough Machining,LGACT-PART-010,RT-LGACT-0169,LGACT-2026-0169,008,008,Y,2026/05/10 03:43:00,20260510,Displacement Sensor Bracket aviation manufacturing business record used for actuator quality traceab,2026/05/10 03:43:00,MES_OPEN
170,WO-LG-2026-0170,TASK-LG-0170,MES_BUY,Piston Rod Precision Grinding,LGACT-PART-011,RT-LGACT-0170,LGACT-2026-0170,009,009,Y,2026/05/11 03:50:00,20260511,Locking Nut aviation manufacturing business record used for actuator quality traceability.,2026/05/11 03:50:00,MES_RUNNING
171,WO-LG-2026-0171,TASK-LG-0171,MES_ASSEMBLY,Inner Bore Honing,LGACT-PART-012,RT-LGACT-0171,LGACT-2026-0171,001,001,N,2026/05/12 03:57:00,20260512,Piston Rod Assembly aviation manufacturing business record used for actuator quality traceability.,2026/05/12 03:57:00,MES_CLOSED
172,WO-LG-2026-0172,TASK-LG-0172,MES_SERVICE,Chrome Plating Layer Grinding,LGACT-PART-013,RT-LGACT-0172,LGACT-2026-0172,002,002,Y,2026/05/13 04:04:00,20260513,Cylinder Barrel Assembly aviation manufacturing business record used for actuator quality traceabili,2026/05/13 04:04:00,MES_HOLD
173,WO-LG-2026-0173,TASK-LG-0173,MES_MAKE,Seal Component Assembly,LGACT-PART-014,RT-LGACT-0173,LGACT-2026-0173,003,003,Y,2026/05/14 04:11:00,20260514,Front End Cap aviation manufacturing business record used for actuator quality traceability.,2026/05/14 04:11:00,MES_OPEN
174,WO-LG-2026-0174,TASK-LG-0174,MES_BUY,Actuator Final Assembly,LGACT-PART-015,RT-LGACT-0174,LGACT-2026-0174,004,004,N,2026/05/15 04:18:00,20260515,Rear End Cap aviation manufacturing business record used for actuator quality traceability.,2026/05/15 04:18:00,MES_RUNNING
175,WO-LG-2026-0175,TASK-LG-0175,MES_ASSEMBLY,Pressure Holding Test,LGACT-PART-016,RT-LGACT-0175,LGACT-2026-0175,005,005,Y,2026/05/16 04:25:00,20260516,Seal Ring Assembly aviation manufacturing business record used for actuator quality traceability.,2026/05/16 04:25:00,MES_CLOSED
176,WO-LG-2026-0176,TASK-LG-0176,MES_SERVICE,Extension and Retraction Function Test,LGACT-PART-017,RT-LGACT-0176,LGACT-2026-0176,006,006,Y,2026/05/17 04:32:00,20260517,Trunnion Bushing aviation manufacturing business record used for actuator quality traceability.,2026/05/17 04:32:00,MES_HOLD
177,WO-LG-2026-0177,TASK-LG-0177,MES_MAKE,Cylinder Barrel Rough Machining,LGACT-PART-018,RT-LGACT-0177,LGACT-2026-0177,007,007,N,2026/05/18 04:39:00,20260518,Spherical Bearing aviation manufacturing business record used for actuator quality traceability.,2026/05/18 04:39:00,MES_OPEN
178,WO-LG-2026-0178,TASK-LG-0178,MES_BUY,Piston Rod Precision Grinding,LGACT-PART-019,RT-LGACT-0178,LGACT-2026-0178,008,008,Y,2026/05/19 04:46:00,20260519,Throttle Connector aviation manufacturing business record used for actuator quality traceability.,2026/05/19 04:46:00,MES_RUNNING
179,WO-LG-2026-0179,TASK-LG-0179,MES_ASSEMBLY,Inner Bore Honing,LGACT-PART-020,RT-LGACT-0179,LGACT-2026-0179,009,009,Y,2026/05/20 04:53:00,20260520,Displacement Sensor Bracket aviation manufacturing business record used for actuator quality traceab,2026/05/20 04:53:00,MES_CLOSED
180,WO-LG-2026-0180,TASK-LG-0180,MES_SERVICE,Chrome Plating Layer Grinding,LGACT-PART-001,RT-LGACT-0180,LGACT-2026-0180,001,001,N,2026/05/21 05:00:00,20260521,Locking Nut aviation manufacturing business record used for actuator quality traceability.,2026/05/21 05:00:00,MES_HOLD
181,WO-LG-2026-0181,TASK-LG-0181,MES_MAKE,Seal Component Assembly,LGACT-PART-002,RT-LGACT-0181,LGACT-2026-0181,002,002,Y,2026/05/22 05:07:00,20260522,Piston Rod Assembly aviation manufacturing business record used for actuator quality traceability.,2026/05/22 05:07:00,MES_OPEN
182,WO-LG-2026-0182,TASK-LG-0182,MES_BUY,Actuator Final Assembly,LGACT-PART-003,RT-LGACT-0182,LGACT-2026-0182,003,003,Y,2026/05/23 05:14:00,20260523,Cylinder Barrel Assembly aviation manufacturing business record used for actuator quality traceabili,2026/05/23 05:14:00,MES_RUNNING
183,WO-LG-2026-0183,TASK-LG-0183,MES_ASSEMBLY,Pressure Holding Test,LGACT-PART-004,RT-LGACT-0183,LGACT-2026-0183,004,004,N,2026/05/24 05:21:00,20260524,Front End Cap aviation manufacturing business record used for actuator quality traceability.,2026/05/24 05:21:00,MES_CLOSED
184,WO-LG-2026-0184,TASK-LG-0184,MES_SERVICE,Extension and Retraction Function Test,LGACT-PART-005,RT-LGACT-0184,LGACT-2026-0184,005,005,Y,2026/05/25 05:28:00,20260525,Rear End Cap aviation manufacturing business record used for actuator quality traceability.,2026/05/25 05:28:00,MES_HOLD
185,WO-LG-2026-0185,TASK-LG-0185,MES_MAKE,Cylinder Barrel Rough Machining,LGACT-PART-006,RT-LGACT-0185,LGACT-2026-0185,006,006,Y,2026/05/26 05:35:00,20260526,Seal Ring Assembly aviation manufacturing business record used for actuator quality traceability.,2026/05/26 05:35:00,MES_OPEN
186,WO-LG-2026-0186,TASK-LG-0186,MES_BUY,Piston Rod Precision Grinding,LGACT-PART-007,RT-LGACT-0186,LGACT-2026-0186,007,007,N,2026/05/27 05:42:00,20260527,Trunnion Bushing aviation manufacturing business record used for actuator quality traceability.,2026/05/27 05:42:00,MES_RUNNING
187,WO-LG-2026-0187,TASK-LG-0187,MES_ASSEMBLY,Inner Bore Honing,LGACT-PART-008,RT-LGACT-0187,LGACT-2026-0187,008,008,Y,2026/05/28 05:49:00,20260528,Spherical Bearing aviation manufacturing business record used for actuator quality traceability.,2026/05/28 05:49:00,MES_CLOSED
188,WO-LG-2026-0188,TASK-LG-0188,MES_SERVICE,Chrome Plating Layer Grinding,LGACT-PART-009,RT-LGACT-0188,LGACT-2026-0188,009,009,Y,2026/05/29 05:56:00,20260529,Throttle Connector aviation manufacturing business record used for actuator quality traceability.,2026/05/29 05:56:00,MES_HOLD
189,WO-LG-2026-0189,TASK-LG-0189,MES_MAKE,Seal Component Assembly,LGACT-PART-010,RT-LGACT-0189,LGACT-2026-0189,001,001,N,2026/05/30 06:03:00,20260530,Displacement Sensor Bracket aviation manufacturing business record used for actuator quality traceab,2026/05/30 06:03:00,MES_OPEN
190,WO-LG-2026-0190,TASK-LG-0190,MES_BUY,Actuator Final Assembly,LGACT-PART-011,RT-LGACT-0190,LGACT-2026-0190,002,002,Y,2026/05/31 06:10:00,20260531,Locking Nut aviation manufacturing business record used for actuator quality traceability.,2026/05/31 06:10:00,MES_RUNNING
191,WO-LG-2026-0191,TASK-LG-0191,MES_ASSEMBLY,Pressure Holding Test,LGACT-PART-012,RT-LGACT-0191,LGACT-2026-0191,003,003,Y,2026/06/01 06:17:00,20260601,Piston Rod Assembly aviation manufacturing business record used for actuator quality traceability.,2026/06/01 06:17:00,MES_CLOSED
192,WO-LG-2026-0192,TASK-LG-0192,MES_SERVICE,Extension and Retraction Function Test,LGACT-PART-013,RT-LGACT-0192,LGACT-2026-0192,004,004,N,2026/06/02 06:24:00,20260602,Cylinder Barrel Assembly aviation manufacturing business record used for actuator quality traceabili,2026/06/02 06:24:00,MES_HOLD
193,WO-LG-2026-0193,TASK-LG-0193,MES_MAKE,Cylinder Barrel Rough Machining,LGACT-PART-014,RT-LGACT-0193,LGACT-2026-0193,005,005,Y,2026/06/03 06:31:00,20260603,Front End Cap aviation manufacturing business record used for actuator quality traceability.,2026/06/03 06:31:00,MES_OPEN
194,WO-LG-2026-0194,TASK-LG-0194,MES_BUY,Piston Rod Precision Grinding,LGACT-PART-015,RT-LGACT-0194,LGACT-2026-0194,006,006,Y,2026/06/04 06:38:00,20260604,Rear End Cap aviation manufacturing business record used for actuator quality traceability.,2026/06/04 06:38:00,MES_RUNNING
195,WO-LG-2026-0195,TASK-LG-0195,MES_ASSEMBLY,Inner Bore Honing,LGACT-PART-016,RT-LGACT-0195,LGACT-2026-0195,007,007,N,2026/06/05 06:45:00,20260605,Seal Ring Assembly aviation manufacturing business record used for actuator quality traceability.,2026/06/05 06:45:00,MES_CLOSED
196,WO-LG-2026-0196,TASK-LG-0196,MES_SERVICE,Chrome Plating Layer Grinding,LGACT-PART-017,RT-LGACT-0196,LGACT-2026-0196,008,008,Y,2026/06/06 06:52:00,20260606,Trunnion Bushing aviation manufacturing business record used for actuator quality traceability.,2026/06/06 06:52:00,MES_HOLD
197,WO-LG-2026-0197,TASK-LG-0197,MES_MAKE,Seal Component Assembly,LGACT-PART-018,RT-LGACT-0197,LGACT-2026-0197,009,009,Y,2026/05/10 06:59:00,20260510,Spherical Bearing aviation manufacturing business record used for actuator quality traceability.,2026/05/10 06:59:00,MES_OPEN
198,WO-LG-2026-0198,TASK-LG-0198,MES_BUY,Actuator Final Assembly,LGACT-PART-019,RT-LGACT-0198,LGACT-2026-0198,001,001,N,2026/05/11 07:06:00,20260511,Throttle Connector aviation manufacturing business record used for actuator quality traceability.,2026/05/11 07:06:00,MES_RUNNING
199,WO-LG-2026-0199,TASK-LG-0199,MES_ASSEMBLY,Pressure Holding Test,LGACT-PART-020,RT-LGACT-0199,LGACT-2026-0199,002,002,Y,2026/05/12 07:13:00,20260512,Displacement Sensor Bracket aviation manufacturing business record used for actuator quality traceab,2026/05/12 07:13:00,MES_CLOSED
200,WO-LG-2026-0200,TASK-LG-0200,MES_SERVICE,Extension and Retraction Function Test,LGACT-PART-001,RT-LGACT-0200,LGACT-2026-0200,003,003,Y,2026/05/13 07:20:00,20260513,Locking Nut aviation manufacturing business record used for actuator quality traceability.,2026/05/13 07:20:00,MES_HOLD
