inspection_standard_id,operation_card_id,actuator_model_id,part_master_id,insp_spec_no,spec_title,insp_kind_cd,check_item_code,check_item_name,accept_rule,sample_rule_cd,result_rule_cd
1,1,1,1,INSPSPEC-0001,Piston Rod Chrome Plating Visual Inspection Specification,PLM_IN_PROC,CHK-02,Piston Rod Chrome Plating Visual Inspection,"Piston Rod Chrome Plating Visual Inspection result is qualified, with recorded value 20.850 MPa.",Piston Rod Chrome Plating Visu,Piston Rod Chrome Plating Visu
2,2,2,2,INSPSPEC-0002,Cylinder Barrel Inner Bore Dimension Measurement Specification,PLM_IN_FINAL,CHK-03,Cylinder Barrel Inner Bore Dimension Measurement,"Cylinder Barrel Inner Bore Dimension Measurement result is qualified, with recorded value 0.080 mL/min.",Cylinder Barrel Inner Bore Dim,Cylinder Barrel Inner Bore Dim
3,3,3,3,INSPSPEC-0003,Sealing Performance Inspection Specification,PLM_IN_INCOMING,CHK-04,Sealing Performance Inspection,"Sealing Performance Inspection result is qualified, with recorded value 155.150 mm.",Sealing Performance Inspection,Sealing Performance Inspection
4,4,4,4,INSPSPEC-0004,Pressure Holding Leakage Rate Recheck Specification,PLM_IN_SERVICE,CHK-05,Pressure Holding Leakage Rate Recheck,"Pressure Holding Leakage Rate Recheck result is qualified, with recorded value 5.100 s.",Pressure Holding Leakage Rate ,Pressure Holding Leakage Rate 
5,5,5,5,INSPSPEC-0005,Extension and Retraction Stroke Measurement Specification,PLM_IN_PROC,CHK-06,Extension and Retraction Stroke Measurement,"Extension and Retraction Stroke Measurement result is qualified, with recorded value 37.7 C.",Extension and Retraction Strok,Extension and Retraction Strok
6,6,6,6,INSPSPEC-0006,Trunnion Bushing Fit Clearance Inspection Specification,PLM_IN_FINAL,CHK-07,Trunnion Bushing Fit Clearance Inspection,"Trunnion Bushing Fit Clearance Inspection result is qualified, with recorded value 0.150 mm.",Trunnion Bushing Fit Clearance,Trunnion Bushing Fit Clearance
7,7,7,7,INSPSPEC-0007,Hydraulic Fitting Leakage Inspection Specification,PLM_IN_INCOMING,CHK-08,Hydraulic Fitting Leakage Inspection,"Hydraulic Fitting Leakage Inspection result is nonconforming, with recorded value 23.400 MPa.",Hydraulic Fitting Leakage Insp,Hydraulic Fitting Leakage Insp
8,8,8,8,INSPSPEC-0008,Final Functional Test Specification,PLM_IN_SERVICE,CHK-01,Final Functional Test,"Final Functional Test result is nonconforming, with recorded value 0.220 mL/min.",Final Functional Test result i,Final Functional Test result i
9,9,9,9,INSPSPEC-0009,Piston Rod Chrome Plating Visual Inspection Specification,PLM_IN_PROC,CHK-02,Piston Rod Chrome Plating Visual Inspection,"Piston Rod Chrome Plating Visual Inspection result is qualified, with recorded value 155.300 mm.",Piston Rod Chrome Plating Visu,Piston Rod Chrome Plating Visu
10,10,10,10,INSPSPEC-0010,Cylinder Barrel Inner Bore Dimension Measurement Specification,PLM_IN_FINAL,CHK-03,Cylinder Barrel Inner Bore Dimension Measurement,"Cylinder Barrel Inner Bore Dimension Measurement result is qualified, with recorded value 4.500 s.",Cylinder Barrel Inner Bore Dim,Cylinder Barrel Inner Bore Dim
11,11,11,11,INSPSPEC-0011,Sealing Performance Inspection Specification,PLM_IN_INCOMING,CHK-04,Sealing Performance Inspection,"Sealing Performance Inspection result is qualified, with recorded value 37.9 C.",Sealing Performance Inspection,Sealing Performance Inspection
12,12,12,12,INSPSPEC-0012,Pressure Holding Leakage Rate Recheck Specification,PLM_IN_SERVICE,CHK-05,Pressure Holding Leakage Rate Recheck,"Pressure Holding Leakage Rate Recheck result is qualified, with recorded value 0.180 mm.",Pressure Holding Leakage Rate ,Pressure Holding Leakage Rate 
13,13,13,13,INSPSPEC-0013,Extension and Retraction Stroke Measurement Specification,PLM_IN_PROC,CHK-06,Extension and Retraction Stroke Measurement,"Extension and Retraction Stroke Measurement result is nonconforming, with recorded value 23.400 MPa.",Extension and Retraction Strok,Extension and Retraction Strok
14,14,14,14,INSPSPEC-0014,Trunnion Bushing Fit Clearance Inspection Specification,PLM_IN_FINAL,CHK-07,Trunnion Bushing Fit Clearance Inspection,"Trunnion Bushing Fit Clearance Inspection result is qualified, with recorded value 0.140 mL/min.",Trunnion Bushing Fit Clearance,Trunnion Bushing Fit Clearance
15,15,15,15,INSPSPEC-0015,Hydraulic Fitting Leakage Inspection Specification,PLM_IN_INCOMING,CHK-08,Hydraulic Fitting Leakage Inspection,"Hydraulic Fitting Leakage Inspection result is qualified, with recorded value 154.700 mm.",Hydraulic Fitting Leakage Insp,Hydraulic Fitting Leakage Insp
16,16,16,16,INSPSPEC-0016,Final Functional Test Specification,PLM_IN_SERVICE,CHK-01,Final Functional Test,"Final Functional Test result is qualified, with recorded value 4.650 s.",Final Functional Test result i,Final Functional Test result i
17,17,17,17,INSPSPEC-0017,Piston Rod Chrome Plating Visual Inspection Specification,PLM_IN_PROC,CHK-02,Piston Rod Chrome Plating Visual Inspection,"Piston Rod Chrome Plating Visual Inspection result is qualified, with recorded value 38.0 C.",Piston Rod Chrome Plating Visu,Piston Rod Chrome Plating Visu
18,18,18,18,INSPSPEC-0018,Cylinder Barrel Inner Bore Dimension Measurement Specification,PLM_IN_FINAL,CHK-03,Cylinder Barrel Inner Bore Dimension Measurement,"Cylinder Barrel Inner Bore Dimension Measurement result is qualified, with recorded value 0.210 mm.",Cylinder Barrel Inner Bore Dim,Cylinder Barrel Inner Bore Dim
19,19,19,19,INSPSPEC-0019,Sealing Performance Inspection Specification,PLM_IN_INCOMING,CHK-04,Sealing Performance Inspection,"Sealing Performance Inspection result is qualified, with recorded value 21.300 MPa.",Sealing Performance Inspection,Sealing Performance Inspection
20,20,20,20,INSPSPEC-0020,Pressure Holding Leakage Rate Recheck Specification,PLM_IN_SERVICE,CHK-05,Pressure Holding Leakage Rate Recheck,"Pressure Holding Leakage Rate Recheck result is qualified, with recorded value 0.020 mL/min.",Pressure Holding Leakage Rate ,Pressure Holding Leakage Rate 
21,21,21,21,INSPSPEC-0021,Extension and Retraction Stroke Measurement Specification,PLM_IN_PROC,CHK-06,Extension and Retraction Stroke Measurement,"Extension and Retraction Stroke Measurement result is qualified, with recorded value 154.850 mm.",Extension and Retraction Strok,Extension and Retraction Strok
22,22,22,22,INSPSPEC-0022,Trunnion Bushing Fit Clearance Inspection Specification,PLM_IN_FINAL,CHK-07,Trunnion Bushing Fit Clearance Inspection,"Trunnion Bushing Fit Clearance Inspection result is qualified, with recorded value 4.800 s.",Trunnion Bushing Fit Clearance,Trunnion Bushing Fit Clearance
23,23,23,23,INSPSPEC-0023,Hydraulic Fitting Leakage Inspection Specification,PLM_IN_INCOMING,CHK-08,Hydraulic Fitting Leakage Inspection,"Hydraulic Fitting Leakage Inspection result is qualified, with recorded value 38.1 C.",Hydraulic Fitting Leakage Insp,Hydraulic Fitting Leakage Insp
24,24,24,24,INSPSPEC-0024,Final Functional Test Specification,PLM_IN_SERVICE,CHK-01,Final Functional Test,"Final Functional Test result is qualified, with recorded value 0.240 mm.",Final Functional Test result i,Final Functional Test result i
25,25,25,25,INSPSPEC-0025,Piston Rod Chrome Plating Visual Inspection Specification,PLM_IN_PROC,CHK-02,Piston Rod Chrome Plating Visual Inspection,"Piston Rod Chrome Plating Visual Inspection result is qualified, with recorded value 20.700 MPa.",Piston Rod Chrome Plating Visu,Piston Rod Chrome Plating Visu
26,26,26,26,INSPSPEC-0026,Cylinder Barrel Inner Bore Dimension Measurement Specification,PLM_IN_FINAL,CHK-03,Cylinder Barrel Inner Bore Dimension Measurement,"Cylinder Barrel Inner Bore Dimension Measurement result is nonconforming, with recorded value 0.220 mL/min.",Cylinder Barrel Inner Bore Dim,Cylinder Barrel Inner Bore Dim
27,27,27,27,INSPSPEC-0027,Sealing Performance Inspection Specification,PLM_IN_INCOMING,CHK-04,Sealing Performance Inspection,"Sealing Performance Inspection result is qualified, with recorded value 155.000 mm.",Sealing Performance Inspection,Sealing Performance Inspection
28,28,28,28,INSPSPEC-0028,Pressure Holding Leakage Rate Recheck Specification,PLM_IN_SERVICE,CHK-05,Pressure Holding Leakage Rate Recheck,"Pressure Holding Leakage Rate Recheck result is qualified, with recorded value 4.950 s.",Pressure Holding Leakage Rate ,Pressure Holding Leakage Rate 
29,29,29,29,INSPSPEC-0029,Extension and Retraction Stroke Measurement Specification,PLM_IN_PROC,CHK-06,Extension and Retraction Stroke Measurement,"Extension and Retraction Stroke Measurement result is qualified, with recorded value 38.3 C.",Extension and Retraction Strok,Extension and Retraction Strok
30,30,30,30,INSPSPEC-0030,Trunnion Bushing Fit Clearance Inspection Specification,PLM_IN_FINAL,CHK-07,Trunnion Bushing Fit Clearance Inspection,"Trunnion Bushing Fit Clearance Inspection result is qualified, with recorded value 0.120 mm.",Trunnion Bushing Fit Clearance,Trunnion Bushing Fit Clearance
31,31,31,31,INSPSPEC-0031,Hydraulic Fitting Leakage Inspection Specification,PLM_IN_INCOMING,CHK-08,Hydraulic Fitting Leakage Inspection,"Hydraulic Fitting Leakage Inspection result is qualified, with recorded value 20.850 MPa.",Hydraulic Fitting Leakage Insp,Hydraulic Fitting Leakage Insp
32,32,32,32,INSPSPEC-0032,Final Functional Test Specification,PLM_IN_SERVICE,CHK-01,Final Functional Test,"Final Functional Test result is qualified, with recorded value 0.080 mL/min.",Final Functional Test result i,Final Functional Test result i
33,33,33,33,INSPSPEC-0033,Piston Rod Chrome Plating Visual Inspection Specification,PLM_IN_PROC,CHK-02,Piston Rod Chrome Plating Visual Inspection,"Piston Rod Chrome Plating Visual Inspection result is qualified, with recorded value 155.150 mm.",Piston Rod Chrome Plating Visu,Piston Rod Chrome Plating Visu
34,34,34,34,INSPSPEC-0034,Cylinder Barrel Inner Bore Dimension Measurement Specification,PLM_IN_FINAL,CHK-03,Cylinder Barrel Inner Bore Dimension Measurement,"Cylinder Barrel Inner Bore Dimension Measurement result is qualified, with recorded value 5.100 s.",Cylinder Barrel Inner Bore Dim,Cylinder Barrel Inner Bore Dim
35,35,35,35,INSPSPEC-0035,Sealing Performance Inspection Specification,PLM_IN_INCOMING,CHK-04,Sealing Performance Inspection,"Sealing Performance Inspection result is qualified, with recorded value 37.7 C.",Sealing Performance Inspection,Sealing Performance Inspection
36,36,36,36,INSPSPEC-0036,Pressure Holding Leakage Rate Recheck Specification,PLM_IN_SERVICE,CHK-05,Pressure Holding Leakage Rate Recheck,"Pressure Holding Leakage Rate Recheck result is qualified, with recorded value 0.150 mm.",Pressure Holding Leakage Rate ,Pressure Holding Leakage Rate 
37,37,37,37,INSPSPEC-0037,Extension and Retraction Stroke Measurement Specification,PLM_IN_PROC,CHK-06,Extension and Retraction Stroke Measurement,"Extension and Retraction Stroke Measurement result is qualified, with recorded value 21.000 MPa.",Extension and Retraction Strok,Extension and Retraction Strok
38,38,38,38,INSPSPEC-0038,Trunnion Bushing Fit Clearance Inspection Specification,PLM_IN_FINAL,CHK-07,Trunnion Bushing Fit Clearance Inspection,"Trunnion Bushing Fit Clearance Inspection result is qualified, with recorded value 0.110 mL/min.",Trunnion Bushing Fit Clearance,Trunnion Bushing Fit Clearance
39,39,39,39,INSPSPEC-0039,Hydraulic Fitting Leakage Inspection Specification,PLM_IN_INCOMING,CHK-08,Hydraulic Fitting Leakage Inspection,"Hydraulic Fitting Leakage Inspection result is nonconforming, with recorded value 158.400 mm.",Hydraulic Fitting Leakage Insp,Hydraulic Fitting Leakage Insp
40,40,40,40,INSPSPEC-0040,Final Functional Test Specification,PLM_IN_SERVICE,CHK-01,Final Functional Test,"Final Functional Test result is qualified, with recorded value 4.500 s.",Final Functional Test result i,Final Functional Test result i
41,41,41,41,INSPSPEC-0041,Piston Rod Chrome Plating Visual Inspection Specification,PLM_IN_PROC,CHK-02,Piston Rod Chrome Plating Visual Inspection,"Piston Rod Chrome Plating Visual Inspection result is qualified, with recorded value 37.9 C.",Piston Rod Chrome Plating Visu,Piston Rod Chrome Plating Visu
42,42,42,42,INSPSPEC-0042,Cylinder Barrel Inner Bore Dimension Measurement Specification,PLM_IN_FINAL,CHK-03,Cylinder Barrel Inner Bore Dimension Measurement,"Cylinder Barrel Inner Bore Dimension Measurement result is qualified, with recorded value 0.180 mm.",Cylinder Barrel Inner Bore Dim,Cylinder Barrel Inner Bore Dim
43,43,43,43,INSPSPEC-0043,Sealing Performance Inspection Specification,PLM_IN_INCOMING,CHK-04,Sealing Performance Inspection,"Sealing Performance Inspection result is qualified, with recorded value 21.150 MPa.",Sealing Performance Inspection,Sealing Performance Inspection
44,44,44,44,INSPSPEC-0044,Pressure Holding Leakage Rate Recheck Specification,PLM_IN_SERVICE,CHK-05,Pressure Holding Leakage Rate Recheck,"Pressure Holding Leakage Rate Recheck result is qualified, with recorded value 0.140 mL/min.",Pressure Holding Leakage Rate ,Pressure Holding Leakage Rate 
45,45,45,45,INSPSPEC-0045,Extension and Retraction Stroke Measurement Specification,PLM_IN_PROC,CHK-06,Extension and Retraction Stroke Measurement,"Extension and Retraction Stroke Measurement result is qualified, with recorded value 154.700 mm.",Extension and Retraction Strok,Extension and Retraction Strok
46,46,46,46,INSPSPEC-0046,Trunnion Bushing Fit Clearance Inspection Specification,PLM_IN_FINAL,CHK-07,Trunnion Bushing Fit Clearance Inspection,"Trunnion Bushing Fit Clearance Inspection result is qualified, with recorded value 4.650 s.",Trunnion Bushing Fit Clearance,Trunnion Bushing Fit Clearance
47,47,47,47,INSPSPEC-0047,Hydraulic Fitting Leakage Inspection Specification,PLM_IN_INCOMING,CHK-08,Hydraulic Fitting Leakage Inspection,"Hydraulic Fitting Leakage Inspection result is qualified, with recorded value 38.0 C.",Hydraulic Fitting Leakage Insp,Hydraulic Fitting Leakage Insp
48,48,48,48,INSPSPEC-0048,Final Functional Test Specification,PLM_IN_SERVICE,CHK-01,Final Functional Test,"Final Functional Test result is qualified, with recorded value 0.210 mm.",Final Functional Test result i,Final Functional Test result i
49,49,49,49,INSPSPEC-0049,Piston Rod Chrome Plating Visual Inspection Specification,PLM_IN_PROC,CHK-02,Piston Rod Chrome Plating Visual Inspection,"Piston Rod Chrome Plating Visual Inspection result is qualified, with recorded value 21.300 MPa.",Piston Rod Chrome Plating Visu,Piston Rod Chrome Plating Visu
50,50,50,50,INSPSPEC-0050,Cylinder Barrel Inner Bore Dimension Measurement Specification,PLM_IN_FINAL,CHK-03,Cylinder Barrel Inner Bore Dimension Measurement,"Cylinder Barrel Inner Bore Dimension Measurement result is qualified, with recorded value 0.020 mL/min.",Cylinder Barrel Inner Bore Dim,Cylinder Barrel Inner Bore Dim
51,51,51,51,INSPSPEC-0051,Sealing Performance Inspection Specification,PLM_IN_INCOMING,CHK-04,Sealing Performance Inspection,"Sealing Performance Inspection result is qualified, with recorded value 154.850 mm.",Sealing Performance Inspection,Sealing Performance Inspection
52,52,52,52,INSPSPEC-0052,Pressure Holding Leakage Rate Recheck Specification,PLM_IN_SERVICE,CHK-05,Pressure Holding Leakage Rate Recheck,"Pressure Holding Leakage Rate Recheck result is nonconforming, with recorded value 6.200 s.",Pressure Holding Leakage Rate ,Pressure Holding Leakage Rate 
53,53,53,53,INSPSPEC-0053,Extension and Retraction Stroke Measurement Specification,PLM_IN_PROC,CHK-06,Extension and Retraction Stroke Measurement,"Extension and Retraction Stroke Measurement result is qualified, with recorded value 38.1 C.",Extension and Retraction Strok,Extension and Retraction Strok
54,54,54,54,INSPSPEC-0054,Trunnion Bushing Fit Clearance Inspection Specification,PLM_IN_FINAL,CHK-07,Trunnion Bushing Fit Clearance Inspection,"Trunnion Bushing Fit Clearance Inspection result is qualified, with recorded value 0.240 mm.",Trunnion Bushing Fit Clearance,Trunnion Bushing Fit Clearance
55,55,55,55,INSPSPEC-0055,Hydraulic Fitting Leakage Inspection Specification,PLM_IN_INCOMING,CHK-08,Hydraulic Fitting Leakage Inspection,"Hydraulic Fitting Leakage Inspection result is qualified, with recorded value 20.700 MPa.",Hydraulic Fitting Leakage Insp,Hydraulic Fitting Leakage Insp
56,56,56,56,INSPSPEC-0056,Final Functional Test Specification,PLM_IN_SERVICE,CHK-01,Final Functional Test,"Final Functional Test result is qualified, with recorded value 0.050 mL/min.",Final Functional Test result i,Final Functional Test result i
57,57,57,57,INSPSPEC-0057,Piston Rod Chrome Plating Visual Inspection Specification,PLM_IN_PROC,CHK-02,Piston Rod Chrome Plating Visual Inspection,"Piston Rod Chrome Plating Visual Inspection result is qualified, with recorded value 155.000 mm.",Piston Rod Chrome Plating Visu,Piston Rod Chrome Plating Visu
58,58,58,58,INSPSPEC-0058,Cylinder Barrel Inner Bore Dimension Measurement Specification,PLM_IN_FINAL,CHK-03,Cylinder Barrel Inner Bore Dimension Measurement,"Cylinder Barrel Inner Bore Dimension Measurement result is qualified, with recorded value 4.950 s.",Cylinder Barrel Inner Bore Dim,Cylinder Barrel Inner Bore Dim
59,59,59,59,INSPSPEC-0059,Sealing Performance Inspection Specification,PLM_IN_INCOMING,CHK-04,Sealing Performance Inspection,"Sealing Performance Inspection result is qualified, with recorded value 38.3 C.",Sealing Performance Inspection,Sealing Performance Inspection
60,60,60,60,INSPSPEC-0060,Pressure Holding Leakage Rate Recheck Specification,PLM_IN_SERVICE,CHK-05,Pressure Holding Leakage Rate Recheck,"Pressure Holding Leakage Rate Recheck result is qualified, with recorded value 0.120 mm.",Pressure Holding Leakage Rate ,Pressure Holding Leakage Rate 
61,61,61,61,INSPSPEC-0061,Extension and Retraction Stroke Measurement Specification,PLM_IN_PROC,CHK-06,Extension and Retraction Stroke Measurement,"Extension and Retraction Stroke Measurement result is qualified, with recorded value 20.850 MPa.",Extension and Retraction Strok,Extension and Retraction Strok
62,62,62,62,INSPSPEC-0062,Trunnion Bushing Fit Clearance Inspection Specification,PLM_IN_FINAL,CHK-07,Trunnion Bushing Fit Clearance Inspection,"Trunnion Bushing Fit Clearance Inspection result is qualified, with recorded value 0.080 mL/min.",Trunnion Bushing Fit Clearance,Trunnion Bushing Fit Clearance
63,63,63,63,INSPSPEC-0063,Hydraulic Fitting Leakage Inspection Specification,PLM_IN_INCOMING,CHK-08,Hydraulic Fitting Leakage Inspection,"Hydraulic Fitting Leakage Inspection result is qualified, with recorded value 155.150 mm.",Hydraulic Fitting Leakage Insp,Hydraulic Fitting Leakage Insp
64,64,64,64,INSPSPEC-0064,Final Functional Test Specification,PLM_IN_SERVICE,CHK-01,Final Functional Test,"Final Functional Test result is qualified, with recorded value 5.100 s.",Final Functional Test result i,Final Functional Test result i
65,65,65,65,INSPSPEC-0065,Piston Rod Chrome Plating Visual Inspection Specification,PLM_IN_PROC,CHK-02,Piston Rod Chrome Plating Visual Inspection,"Piston Rod Chrome Plating Visual Inspection result is nonconforming, with recorded value 62.0 C.",Piston Rod Chrome Plating Visu,Piston Rod Chrome Plating Visu
66,66,66,66,INSPSPEC-0066,Cylinder Barrel Inner Bore Dimension Measurement Specification,PLM_IN_FINAL,CHK-03,Cylinder Barrel Inner Bore Dimension Measurement,"Cylinder Barrel Inner Bore Dimension Measurement result is qualified, with recorded value 0.150 mm.",Cylinder Barrel Inner Bore Dim,Cylinder Barrel Inner Bore Dim
67,67,67,67,INSPSPEC-0067,Sealing Performance Inspection Specification,PLM_IN_INCOMING,CHK-04,Sealing Performance Inspection,"Sealing Performance Inspection result is qualified, with recorded value 21.000 MPa.",Sealing Performance Inspection,Sealing Performance Inspection
68,68,68,68,INSPSPEC-0068,Pressure Holding Leakage Rate Recheck Specification,PLM_IN_SERVICE,CHK-05,Pressure Holding Leakage Rate Recheck,"Pressure Holding Leakage Rate Recheck result is qualified, with recorded value 0.110 mL/min.",Pressure Holding Leakage Rate ,Pressure Holding Leakage Rate 
69,69,69,69,INSPSPEC-0069,Extension and Retraction Stroke Measurement Specification,PLM_IN_PROC,CHK-06,Extension and Retraction Stroke Measurement,"Extension and Retraction Stroke Measurement result is qualified, with recorded value 155.300 mm.",Extension and Retraction Strok,Extension and Retraction Strok
70,70,70,70,INSPSPEC-0070,Trunnion Bushing Fit Clearance Inspection Specification,PLM_IN_FINAL,CHK-07,Trunnion Bushing Fit Clearance Inspection,"Trunnion Bushing Fit Clearance Inspection result is qualified, with recorded value 4.500 s.",Trunnion Bushing Fit Clearance,Trunnion Bushing Fit Clearance
71,71,71,71,INSPSPEC-0071,Hydraulic Fitting Leakage Inspection Specification,PLM_IN_INCOMING,CHK-08,Hydraulic Fitting Leakage Inspection,"Hydraulic Fitting Leakage Inspection result is qualified, with recorded value 37.9 C.",Hydraulic Fitting Leakage Insp,Hydraulic Fitting Leakage Insp
72,72,72,72,INSPSPEC-0072,Final Functional Test Specification,PLM_IN_SERVICE,CHK-01,Final Functional Test,"Final Functional Test result is qualified, with recorded value 0.180 mm.",Final Functional Test result i,Final Functional Test result i
73,73,73,73,INSPSPEC-0073,Piston Rod Chrome Plating Visual Inspection Specification,PLM_IN_PROC,CHK-02,Piston Rod Chrome Plating Visual Inspection,"Piston Rod Chrome Plating Visual Inspection result is qualified, with recorded value 21.150 MPa.",Piston Rod Chrome Plating Visu,Piston Rod Chrome Plating Visu
74,74,74,74,INSPSPEC-0074,Cylinder Barrel Inner Bore Dimension Measurement Specification,PLM_IN_FINAL,CHK-03,Cylinder Barrel Inner Bore Dimension Measurement,"Cylinder Barrel Inner Bore Dimension Measurement result is qualified, with recorded value 0.140 mL/min.",Cylinder Barrel Inner Bore Dim,Cylinder Barrel Inner Bore Dim
75,75,75,75,INSPSPEC-0075,Sealing Performance Inspection Specification,PLM_IN_INCOMING,CHK-04,Sealing Performance Inspection,"Sealing Performance Inspection result is qualified, with recorded value 154.700 mm.",Sealing Performance Inspection,Sealing Performance Inspection
76,76,76,76,INSPSPEC-0076,Pressure Holding Leakage Rate Recheck Specification,PLM_IN_SERVICE,CHK-05,Pressure Holding Leakage Rate Recheck,"Pressure Holding Leakage Rate Recheck result is qualified, with recorded value 4.650 s.",Pressure Holding Leakage Rate ,Pressure Holding Leakage Rate 
77,77,77,77,INSPSPEC-0077,Extension and Retraction Stroke Measurement Specification,PLM_IN_PROC,CHK-06,Extension and Retraction Stroke Measurement,"Extension and Retraction Stroke Measurement result is qualified, with recorded value 38.0 C.",Extension and Retraction Strok,Extension and Retraction Strok
78,78,78,78,INSPSPEC-0078,Trunnion Bushing Fit Clearance Inspection Specification,PLM_IN_FINAL,CHK-07,Trunnion Bushing Fit Clearance Inspection,"Trunnion Bushing Fit Clearance Inspection result is nonconforming, with recorded value 0.310 mm.",Trunnion Bushing Fit Clearance,Trunnion Bushing Fit Clearance
79,79,79,79,INSPSPEC-0079,Hydraulic Fitting Leakage Inspection Specification,PLM_IN_INCOMING,CHK-08,Hydraulic Fitting Leakage Inspection,"Hydraulic Fitting Leakage Inspection result is qualified, with recorded value 21.300 MPa.",Hydraulic Fitting Leakage Insp,Hydraulic Fitting Leakage Insp
80,80,80,80,INSPSPEC-0080,Final Functional Test Specification,PLM_IN_SERVICE,CHK-01,Final Functional Test,"Final Functional Test result is qualified, with recorded value 0.020 mL/min.",Final Functional Test result i,Final Functional Test result i
81,81,81,81,INSPSPEC-0081,Piston Rod Chrome Plating Visual Inspection Specification,PLM_IN_PROC,CHK-02,Piston Rod Chrome Plating Visual Inspection,"Piston Rod Chrome Plating Visual Inspection result is qualified, with recorded value 154.850 mm.",Piston Rod Chrome Plating Visu,Piston Rod Chrome Plating Visu
82,82,82,82,INSPSPEC-0082,Cylinder Barrel Inner Bore Dimension Measurement Specification,PLM_IN_FINAL,CHK-03,Cylinder Barrel Inner Bore Dimension Measurement,"Cylinder Barrel Inner Bore Dimension Measurement result is qualified, with recorded value 4.800 s.",Cylinder Barrel Inner Bore Dim,Cylinder Barrel Inner Bore Dim
83,83,83,83,INSPSPEC-0083,Sealing Performance Inspection Specification,PLM_IN_INCOMING,CHK-04,Sealing Performance Inspection,"Sealing Performance Inspection result is qualified, with recorded value 38.1 C.",Sealing Performance Inspection,Sealing Performance Inspection
84,84,84,84,INSPSPEC-0084,Pressure Holding Leakage Rate Recheck Specification,PLM_IN_SERVICE,CHK-05,Pressure Holding Leakage Rate Recheck,"Pressure Holding Leakage Rate Recheck result is qualified, with recorded value 0.240 mm.",Pressure Holding Leakage Rate ,Pressure Holding Leakage Rate 
85,85,85,85,INSPSPEC-0085,Extension and Retraction Stroke Measurement Specification,PLM_IN_PROC,CHK-06,Extension and Retraction Stroke Measurement,"Extension and Retraction Stroke Measurement result is qualified, with recorded value 20.700 MPa.",Extension and Retraction Strok,Extension and Retraction Strok
86,86,86,86,INSPSPEC-0086,Trunnion Bushing Fit Clearance Inspection Specification,PLM_IN_FINAL,CHK-07,Trunnion Bushing Fit Clearance Inspection,"Trunnion Bushing Fit Clearance Inspection result is qualified, with recorded value 0.050 mL/min.",Trunnion Bushing Fit Clearance,Trunnion Bushing Fit Clearance
87,87,87,87,INSPSPEC-0087,Hydraulic Fitting Leakage Inspection Specification,PLM_IN_INCOMING,CHK-08,Hydraulic Fitting Leakage Inspection,"Hydraulic Fitting Leakage Inspection result is qualified, with recorded value 155.000 mm.",Hydraulic Fitting Leakage Insp,Hydraulic Fitting Leakage Insp
88,88,88,88,INSPSPEC-0088,Final Functional Test Specification,PLM_IN_SERVICE,CHK-01,Final Functional Test,"Final Functional Test result is qualified, with recorded value 4.950 s.",Final Functional Test result i,Final Functional Test result i
89,89,89,89,INSPSPEC-0089,Piston Rod Chrome Plating Visual Inspection Specification,PLM_IN_PROC,CHK-02,Piston Rod Chrome Plating Visual Inspection,"Piston Rod Chrome Plating Visual Inspection result is qualified, with recorded value 38.3 C.",Piston Rod Chrome Plating Visu,Piston Rod Chrome Plating Visu
90,90,90,90,INSPSPEC-0090,Cylinder Barrel Inner Bore Dimension Measurement Specification,PLM_IN_FINAL,CHK-03,Cylinder Barrel Inner Bore Dimension Measurement,"Cylinder Barrel Inner Bore Dimension Measurement result is qualified, with recorded value 0.120 mm.",Cylinder Barrel Inner Bore Dim,Cylinder Barrel Inner Bore Dim
91,91,91,91,INSPSPEC-0091,Sealing Performance Inspection Specification,PLM_IN_INCOMING,CHK-04,Sealing Performance Inspection,"Sealing Performance Inspection result is nonconforming, with recorded value 23.400 MPa.",Sealing Performance Inspection,Sealing Performance Inspection
92,92,92,92,INSPSPEC-0092,Pressure Holding Leakage Rate Recheck Specification,PLM_IN_SERVICE,CHK-05,Pressure Holding Leakage Rate Recheck,"Pressure Holding Leakage Rate Recheck result is qualified, with recorded value 0.080 mL/min.",Pressure Holding Leakage Rate ,Pressure Holding Leakage Rate 
93,93,93,93,INSPSPEC-0093,Extension and Retraction Stroke Measurement Specification,PLM_IN_PROC,CHK-06,Extension and Retraction Stroke Measurement,"Extension and Retraction Stroke Measurement result is qualified, with recorded value 155.150 mm.",Extension and Retraction Strok,Extension and Retraction Strok
94,94,94,94,INSPSPEC-0094,Trunnion Bushing Fit Clearance Inspection Specification,PLM_IN_FINAL,CHK-07,Trunnion Bushing Fit Clearance Inspection,"Trunnion Bushing Fit Clearance Inspection result is qualified, with recorded value 5.100 s.",Trunnion Bushing Fit Clearance,Trunnion Bushing Fit Clearance
95,95,95,95,INSPSPEC-0095,Hydraulic Fitting Leakage Inspection Specification,PLM_IN_INCOMING,CHK-08,Hydraulic Fitting Leakage Inspection,"Hydraulic Fitting Leakage Inspection result is qualified, with recorded value 37.7 C.",Hydraulic Fitting Leakage Insp,Hydraulic Fitting Leakage Insp
96,96,96,96,INSPSPEC-0096,Final Functional Test Specification,PLM_IN_SERVICE,CHK-01,Final Functional Test,"Final Functional Test result is qualified, with recorded value 0.150 mm.",Final Functional Test result i,Final Functional Test result i
97,97,97,97,INSPSPEC-0097,Piston Rod Chrome Plating Visual Inspection Specification,PLM_IN_PROC,CHK-02,Piston Rod Chrome Plating Visual Inspection,"Piston Rod Chrome Plating Visual Inspection result is qualified, with recorded value 21.000 MPa.",Piston Rod Chrome Plating Visu,Piston Rod Chrome Plating Visu
98,98,98,98,INSPSPEC-0098,Cylinder Barrel Inner Bore Dimension Measurement Specification,PLM_IN_FINAL,CHK-03,Cylinder Barrel Inner Bore Dimension Measurement,"Cylinder Barrel Inner Bore Dimension Measurement result is qualified, with recorded value 0.110 mL/min.",Cylinder Barrel Inner Bore Dim,Cylinder Barrel Inner Bore Dim
99,99,99,99,INSPSPEC-0099,Sealing Performance Inspection Specification,PLM_IN_INCOMING,CHK-04,Sealing Performance Inspection,"Sealing Performance Inspection result is qualified, with recorded value 155.300 mm.",Sealing Performance Inspection,Sealing Performance Inspection
100,100,100,100,INSPSPEC-0100,Pressure Holding Leakage Rate Recheck Specification,PLM_IN_SERVICE,CHK-05,Pressure Holding Leakage Rate Recheck,"Pressure Holding Leakage Rate Recheck result is qualified, with recorded value 4.500 s.",Pressure Holding Leakage Rate ,Pressure Holding Leakage Rate 
101,101,101,101,INSPSPEC-0101,Extension and Retraction Stroke Measurement Specification,PLM_IN_PROC,CHK-06,Extension and Retraction Stroke Measurement,"Extension and Retraction Stroke Measurement result is qualified, with recorded value 37.9 C.",Extension and Retraction Strok,Extension and Retraction Strok
102,102,102,102,INSPSPEC-0102,Trunnion Bushing Fit Clearance Inspection Specification,PLM_IN_FINAL,CHK-07,Trunnion Bushing Fit Clearance Inspection,"Trunnion Bushing Fit Clearance Inspection result is qualified, with recorded value 0.180 mm.",Trunnion Bushing Fit Clearance,Trunnion Bushing Fit Clearance
103,103,103,103,INSPSPEC-0103,Hydraulic Fitting Leakage Inspection Specification,PLM_IN_INCOMING,CHK-08,Hydraulic Fitting Leakage Inspection,"Hydraulic Fitting Leakage Inspection result is qualified, with recorded value 21.150 MPa.",Hydraulic Fitting Leakage Insp,Hydraulic Fitting Leakage Insp
104,104,104,104,INSPSPEC-0104,Final Functional Test Specification,PLM_IN_SERVICE,CHK-01,Final Functional Test,"Final Functional Test result is nonconforming, with recorded value 0.220 mL/min.",Final Functional Test result i,Final Functional Test result i
105,105,105,105,INSPSPEC-0105,Piston Rod Chrome Plating Visual Inspection Specification,PLM_IN_PROC,CHK-02,Piston Rod Chrome Plating Visual Inspection,"Piston Rod Chrome Plating Visual Inspection result is qualified, with recorded value 154.700 mm.",Piston Rod Chrome Plating Visu,Piston Rod Chrome Plating Visu
106,106,106,106,INSPSPEC-0106,Cylinder Barrel Inner Bore Dimension Measurement Specification,PLM_IN_FINAL,CHK-03,Cylinder Barrel Inner Bore Dimension Measurement,"Cylinder Barrel Inner Bore Dimension Measurement result is qualified, with recorded value 4.650 s.",Cylinder Barrel Inner Bore Dim,Cylinder Barrel Inner Bore Dim
107,107,107,107,INSPSPEC-0107,Sealing Performance Inspection Specification,PLM_IN_INCOMING,CHK-04,Sealing Performance Inspection,"Sealing Performance Inspection result is qualified, with recorded value 38.0 C.",Sealing Performance Inspection,Sealing Performance Inspection
108,108,108,108,INSPSPEC-0108,Pressure Holding Leakage Rate Recheck Specification,PLM_IN_SERVICE,CHK-05,Pressure Holding Leakage Rate Recheck,"Pressure Holding Leakage Rate Recheck result is qualified, with recorded value 0.210 mm.",Pressure Holding Leakage Rate ,Pressure Holding Leakage Rate 
109,109,109,109,INSPSPEC-0109,Extension and Retraction Stroke Measurement Specification,PLM_IN_PROC,CHK-06,Extension and Retraction Stroke Measurement,"Extension and Retraction Stroke Measurement result is qualified, with recorded value 21.300 MPa.",Extension and Retraction Strok,Extension and Retraction Strok
110,110,110,110,INSPSPEC-0110,Trunnion Bushing Fit Clearance Inspection Specification,PLM_IN_FINAL,CHK-07,Trunnion Bushing Fit Clearance Inspection,"Trunnion Bushing Fit Clearance Inspection result is qualified, with recorded value 0.020 mL/min.",Trunnion Bushing Fit Clearance,Trunnion Bushing Fit Clearance
111,111,111,111,INSPSPEC-0111,Hydraulic Fitting Leakage Inspection Specification,PLM_IN_INCOMING,CHK-08,Hydraulic Fitting Leakage Inspection,"Hydraulic Fitting Leakage Inspection result is qualified, with recorded value 154.850 mm.",Hydraulic Fitting Leakage Insp,Hydraulic Fitting Leakage Insp
112,112,112,112,INSPSPEC-0112,Final Functional Test Specification,PLM_IN_SERVICE,CHK-01,Final Functional Test,"Final Functional Test result is qualified, with recorded value 4.800 s.",Final Functional Test result i,Final Functional Test result i
113,113,113,113,INSPSPEC-0113,Piston Rod Chrome Plating Visual Inspection Specification,PLM_IN_PROC,CHK-02,Piston Rod Chrome Plating Visual Inspection,"Piston Rod Chrome Plating Visual Inspection result is qualified, with recorded value 38.1 C.",Piston Rod Chrome Plating Visu,Piston Rod Chrome Plating Visu
114,114,114,114,INSPSPEC-0114,Cylinder Barrel Inner Bore Dimension Measurement Specification,PLM_IN_FINAL,CHK-03,Cylinder Barrel Inner Bore Dimension Measurement,"Cylinder Barrel Inner Bore Dimension Measurement result is qualified, with recorded value 0.240 mm.",Cylinder Barrel Inner Bore Dim,Cylinder Barrel Inner Bore Dim
115,115,115,115,INSPSPEC-0115,Sealing Performance Inspection Specification,PLM_IN_INCOMING,CHK-04,Sealing Performance Inspection,"Sealing Performance Inspection result is qualified, with recorded value 20.700 MPa.",Sealing Performance Inspection,Sealing Performance Inspection
116,116,116,116,INSPSPEC-0116,Pressure Holding Leakage Rate Recheck Specification,PLM_IN_SERVICE,CHK-05,Pressure Holding Leakage Rate Recheck,"Pressure Holding Leakage Rate Recheck result is qualified, with recorded value 0.050 mL/min.",Pressure Holding Leakage Rate ,Pressure Holding Leakage Rate 
117,117,117,117,INSPSPEC-0117,Extension and Retraction Stroke Measurement Specification,PLM_IN_PROC,CHK-06,Extension and Retraction Stroke Measurement,"Extension and Retraction Stroke Measurement result is nonconforming, with recorded value 158.400 mm.",Extension and Retraction Strok,Extension and Retraction Strok
118,118,118,118,INSPSPEC-0118,Trunnion Bushing Fit Clearance Inspection Specification,PLM_IN_FINAL,CHK-07,Trunnion Bushing Fit Clearance Inspection,"Trunnion Bushing Fit Clearance Inspection result is qualified, with recorded value 4.950 s.",Trunnion Bushing Fit Clearance,Trunnion Bushing Fit Clearance
119,119,119,119,INSPSPEC-0119,Hydraulic Fitting Leakage Inspection Specification,PLM_IN_INCOMING,CHK-08,Hydraulic Fitting Leakage Inspection,"Hydraulic Fitting Leakage Inspection result is qualified, with recorded value 38.3 C.",Hydraulic Fitting Leakage Insp,Hydraulic Fitting Leakage Insp
120,120,120,120,INSPSPEC-0120,Final Functional Test Specification,PLM_IN_SERVICE,CHK-01,Final Functional Test,"Final Functional Test result is qualified, with recorded value 0.120 mm.",Final Functional Test result i,Final Functional Test result i
121,121,121,121,INSPSPEC-0121,Piston Rod Chrome Plating Visual Inspection Specification,PLM_IN_PROC,CHK-02,Piston Rod Chrome Plating Visual Inspection,"Piston Rod Chrome Plating Visual Inspection result is qualified, with recorded value 20.850 MPa.",Piston Rod Chrome Plating Visu,Piston Rod Chrome Plating Visu
122,122,122,122,INSPSPEC-0122,Cylinder Barrel Inner Bore Dimension Measurement Specification,PLM_IN_FINAL,CHK-03,Cylinder Barrel Inner Bore Dimension Measurement,"Cylinder Barrel Inner Bore Dimension Measurement result is qualified, with recorded value 0.080 mL/min.",Cylinder Barrel Inner Bore Dim,Cylinder Barrel Inner Bore Dim
123,123,123,123,INSPSPEC-0123,Sealing Performance Inspection Specification,PLM_IN_INCOMING,CHK-04,Sealing Performance Inspection,"Sealing Performance Inspection result is qualified, with recorded value 155.150 mm.",Sealing Performance Inspection,Sealing Performance Inspection
124,124,124,124,INSPSPEC-0124,Pressure Holding Leakage Rate Recheck Specification,PLM_IN_SERVICE,CHK-05,Pressure Holding Leakage Rate Recheck,"Pressure Holding Leakage Rate Recheck result is qualified, with recorded value 5.100 s.",Pressure Holding Leakage Rate ,Pressure Holding Leakage Rate 
125,125,125,125,INSPSPEC-0125,Extension and Retraction Stroke Measurement Specification,PLM_IN_PROC,CHK-06,Extension and Retraction Stroke Measurement,"Extension and Retraction Stroke Measurement result is qualified, with recorded value 37.7 C.",Extension and Retraction Strok,Extension and Retraction Strok
126,126,126,126,INSPSPEC-0126,Trunnion Bushing Fit Clearance Inspection Specification,PLM_IN_FINAL,CHK-07,Trunnion Bushing Fit Clearance Inspection,"Trunnion Bushing Fit Clearance Inspection result is qualified, with recorded value 0.150 mm.",Trunnion Bushing Fit Clearance,Trunnion Bushing Fit Clearance
127,127,127,127,INSPSPEC-0127,Hydraulic Fitting Leakage Inspection Specification,PLM_IN_INCOMING,CHK-08,Hydraulic Fitting Leakage Inspection,"Hydraulic Fitting Leakage Inspection result is qualified, with recorded value 21.000 MPa.",Hydraulic Fitting Leakage Insp,Hydraulic Fitting Leakage Insp
128,128,128,128,INSPSPEC-0128,Final Functional Test Specification,PLM_IN_SERVICE,CHK-01,Final Functional Test,"Final Functional Test result is qualified, with recorded value 0.110 mL/min.",Final Functional Test result i,Final Functional Test result i
129,129,129,129,INSPSPEC-0129,Piston Rod Chrome Plating Visual Inspection Specification,PLM_IN_PROC,CHK-02,Piston Rod Chrome Plating Visual Inspection,"Piston Rod Chrome Plating Visual Inspection result is qualified, with recorded value 155.300 mm.",Piston Rod Chrome Plating Visu,Piston Rod Chrome Plating Visu
130,130,130,130,INSPSPEC-0130,Cylinder Barrel Inner Bore Dimension Measurement Specification,PLM_IN_FINAL,CHK-03,Cylinder Barrel Inner Bore Dimension Measurement,"Cylinder Barrel Inner Bore Dimension Measurement result is nonconforming, with recorded value 6.200 s.",Cylinder Barrel Inner Bore Dim,Cylinder Barrel Inner Bore Dim
131,131,131,131,INSPSPEC-0131,Sealing Performance Inspection Specification,PLM_IN_INCOMING,CHK-04,Sealing Performance Inspection,"Sealing Performance Inspection result is qualified, with recorded value 37.9 C.",Sealing Performance Inspection,Sealing Performance Inspection
132,132,132,132,INSPSPEC-0132,Pressure Holding Leakage Rate Recheck Specification,PLM_IN_SERVICE,CHK-05,Pressure Holding Leakage Rate Recheck,"Pressure Holding Leakage Rate Recheck result is qualified, with recorded value 0.180 mm.",Pressure Holding Leakage Rate ,Pressure Holding Leakage Rate 
133,133,133,133,INSPSPEC-0133,Extension and Retraction Stroke Measurement Specification,PLM_IN_PROC,CHK-06,Extension and Retraction Stroke Measurement,"Extension and Retraction Stroke Measurement result is qualified, with recorded value 21.150 MPa.",Extension and Retraction Strok,Extension and Retraction Strok
134,134,134,134,INSPSPEC-0134,Trunnion Bushing Fit Clearance Inspection Specification,PLM_IN_FINAL,CHK-07,Trunnion Bushing Fit Clearance Inspection,"Trunnion Bushing Fit Clearance Inspection result is qualified, with recorded value 0.140 mL/min.",Trunnion Bushing Fit Clearance,Trunnion Bushing Fit Clearance
135,135,135,135,INSPSPEC-0135,Hydraulic Fitting Leakage Inspection Specification,PLM_IN_INCOMING,CHK-08,Hydraulic Fitting Leakage Inspection,"Hydraulic Fitting Leakage Inspection result is qualified, with recorded value 154.700 mm.",Hydraulic Fitting Leakage Insp,Hydraulic Fitting Leakage Insp
136,136,136,136,INSPSPEC-0136,Final Functional Test Specification,PLM_IN_SERVICE,CHK-01,Final Functional Test,"Final Functional Test result is qualified, with recorded value 4.650 s.",Final Functional Test result i,Final Functional Test result i
137,137,137,137,INSPSPEC-0137,Piston Rod Chrome Plating Visual Inspection Specification,PLM_IN_PROC,CHK-02,Piston Rod Chrome Plating Visual Inspection,"Piston Rod Chrome Plating Visual Inspection result is qualified, with recorded value 38.0 C.",Piston Rod Chrome Plating Visu,Piston Rod Chrome Plating Visu
138,138,138,138,INSPSPEC-0138,Cylinder Barrel Inner Bore Dimension Measurement Specification,PLM_IN_FINAL,CHK-03,Cylinder Barrel Inner Bore Dimension Measurement,"Cylinder Barrel Inner Bore Dimension Measurement result is qualified, with recorded value 0.210 mm.",Cylinder Barrel Inner Bore Dim,Cylinder Barrel Inner Bore Dim
139,139,139,139,INSPSPEC-0139,Sealing Performance Inspection Specification,PLM_IN_INCOMING,CHK-04,Sealing Performance Inspection,"Sealing Performance Inspection result is qualified, with recorded value 21.300 MPa.",Sealing Performance Inspection,Sealing Performance Inspection
140,140,140,140,INSPSPEC-0140,Pressure Holding Leakage Rate Recheck Specification,PLM_IN_SERVICE,CHK-05,Pressure Holding Leakage Rate Recheck,"Pressure Holding Leakage Rate Recheck result is qualified, with recorded value 0.020 mL/min.",Pressure Holding Leakage Rate ,Pressure Holding Leakage Rate 
141,141,141,141,INSPSPEC-0141,Extension and Retraction Stroke Measurement Specification,PLM_IN_PROC,CHK-06,Extension and Retraction Stroke Measurement,"Extension and Retraction Stroke Measurement result is qualified, with recorded value 154.850 mm.",Extension and Retraction Strok,Extension and Retraction Strok
142,142,142,142,INSPSPEC-0142,Trunnion Bushing Fit Clearance Inspection Specification,PLM_IN_FINAL,CHK-07,Trunnion Bushing Fit Clearance Inspection,"Trunnion Bushing Fit Clearance Inspection result is qualified, with recorded value 4.800 s.",Trunnion Bushing Fit Clearance,Trunnion Bushing Fit Clearance
143,143,143,143,INSPSPEC-0143,Hydraulic Fitting Leakage Inspection Specification,PLM_IN_INCOMING,CHK-08,Hydraulic Fitting Leakage Inspection,"Hydraulic Fitting Leakage Inspection result is nonconforming, with recorded value 62.0 C.",Hydraulic Fitting Leakage Insp,Hydraulic Fitting Leakage Insp
144,144,144,144,INSPSPEC-0144,Final Functional Test Specification,PLM_IN_SERVICE,CHK-01,Final Functional Test,"Final Functional Test result is qualified, with recorded value 0.240 mm.",Final Functional Test result i,Final Functional Test result i
145,145,145,145,INSPSPEC-0145,Piston Rod Chrome Plating Visual Inspection Specification,PLM_IN_PROC,CHK-02,Piston Rod Chrome Plating Visual Inspection,"Piston Rod Chrome Plating Visual Inspection result is qualified, with recorded value 20.700 MPa.",Piston Rod Chrome Plating Visu,Piston Rod Chrome Plating Visu
146,146,146,146,INSPSPEC-0146,Cylinder Barrel Inner Bore Dimension Measurement Specification,PLM_IN_FINAL,CHK-03,Cylinder Barrel Inner Bore Dimension Measurement,"Cylinder Barrel Inner Bore Dimension Measurement result is qualified, with recorded value 0.050 mL/min.",Cylinder Barrel Inner Bore Dim,Cylinder Barrel Inner Bore Dim
147,147,147,147,INSPSPEC-0147,Sealing Performance Inspection Specification,PLM_IN_INCOMING,CHK-04,Sealing Performance Inspection,"Sealing Performance Inspection result is qualified, with recorded value 155.000 mm.",Sealing Performance Inspection,Sealing Performance Inspection
148,148,148,148,INSPSPEC-0148,Pressure Holding Leakage Rate Recheck Specification,PLM_IN_SERVICE,CHK-05,Pressure Holding Leakage Rate Recheck,"Pressure Holding Leakage Rate Recheck result is qualified, with recorded value 4.950 s.",Pressure Holding Leakage Rate ,Pressure Holding Leakage Rate 
149,149,149,149,INSPSPEC-0149,Extension and Retraction Stroke Measurement Specification,PLM_IN_PROC,CHK-06,Extension and Retraction Stroke Measurement,"Extension and Retraction Stroke Measurement result is qualified, with recorded value 38.3 C.",Extension and Retraction Strok,Extension and Retraction Strok
150,150,150,150,INSPSPEC-0150,Trunnion Bushing Fit Clearance Inspection Specification,PLM_IN_FINAL,CHK-07,Trunnion Bushing Fit Clearance Inspection,"Trunnion Bushing Fit Clearance Inspection result is qualified, with recorded value 0.120 mm.",Trunnion Bushing Fit Clearance,Trunnion Bushing Fit Clearance
151,151,151,151,INSPSPEC-0151,Hydraulic Fitting Leakage Inspection Specification,PLM_IN_INCOMING,CHK-08,Hydraulic Fitting Leakage Inspection,"Hydraulic Fitting Leakage Inspection result is qualified, with recorded value 20.850 MPa.",Hydraulic Fitting Leakage Insp,Hydraulic Fitting Leakage Insp
152,152,152,152,INSPSPEC-0152,Final Functional Test Specification,PLM_IN_SERVICE,CHK-01,Final Functional Test,"Final Functional Test result is qualified, with recorded value 0.080 mL/min.",Final Functional Test result i,Final Functional Test result i
153,153,153,153,INSPSPEC-0153,Piston Rod Chrome Plating Visual Inspection Specification,PLM_IN_PROC,CHK-02,Piston Rod Chrome Plating Visual Inspection,"Piston Rod Chrome Plating Visual Inspection result is qualified, with recorded value 155.150 mm.",Piston Rod Chrome Plating Visu,Piston Rod Chrome Plating Visu
154,154,154,154,INSPSPEC-0154,Cylinder Barrel Inner Bore Dimension Measurement Specification,PLM_IN_FINAL,CHK-03,Cylinder Barrel Inner Bore Dimension Measurement,"Cylinder Barrel Inner Bore Dimension Measurement result is qualified, with recorded value 5.100 s.",Cylinder Barrel Inner Bore Dim,Cylinder Barrel Inner Bore Dim
155,155,155,155,INSPSPEC-0155,Sealing Performance Inspection Specification,PLM_IN_INCOMING,CHK-04,Sealing Performance Inspection,"Sealing Performance Inspection result is qualified, with recorded value 37.7 C.",Sealing Performance Inspection,Sealing Performance Inspection
156,156,156,156,INSPSPEC-0156,Pressure Holding Leakage Rate Recheck Specification,PLM_IN_SERVICE,CHK-05,Pressure Holding Leakage Rate Recheck,"Pressure Holding Leakage Rate Recheck result is nonconforming, with recorded value 0.310 mm.",Pressure Holding Leakage Rate ,Pressure Holding Leakage Rate 
157,157,157,157,INSPSPEC-0157,Extension and Retraction Stroke Measurement Specification,PLM_IN_PROC,CHK-06,Extension and Retraction Stroke Measurement,"Extension and Retraction Stroke Measurement result is qualified, with recorded value 21.000 MPa.",Extension and Retraction Strok,Extension and Retraction Strok
158,158,158,158,INSPSPEC-0158,Trunnion Bushing Fit Clearance Inspection Specification,PLM_IN_FINAL,CHK-07,Trunnion Bushing Fit Clearance Inspection,"Trunnion Bushing Fit Clearance Inspection result is qualified, with recorded value 0.110 mL/min.",Trunnion Bushing Fit Clearance,Trunnion Bushing Fit Clearance
159,159,159,159,INSPSPEC-0159,Hydraulic Fitting Leakage Inspection Specification,PLM_IN_INCOMING,CHK-08,Hydraulic Fitting Leakage Inspection,"Hydraulic Fitting Leakage Inspection result is qualified, with recorded value 155.300 mm.",Hydraulic Fitting Leakage Insp,Hydraulic Fitting Leakage Insp
160,160,160,160,INSPSPEC-0160,Final Functional Test Specification,PLM_IN_SERVICE,CHK-01,Final Functional Test,"Final Functional Test result is qualified, with recorded value 4.500 s.",Final Functional Test result i,Final Functional Test result i
161,161,161,161,INSPSPEC-0161,Piston Rod Chrome Plating Visual Inspection Specification,PLM_IN_PROC,CHK-02,Piston Rod Chrome Plating Visual Inspection,"Piston Rod Chrome Plating Visual Inspection result is qualified, with recorded value 37.9 C.",Piston Rod Chrome Plating Visu,Piston Rod Chrome Plating Visu
162,162,162,162,INSPSPEC-0162,Cylinder Barrel Inner Bore Dimension Measurement Specification,PLM_IN_FINAL,CHK-03,Cylinder Barrel Inner Bore Dimension Measurement,"Cylinder Barrel Inner Bore Dimension Measurement result is qualified, with recorded value 0.180 mm.",Cylinder Barrel Inner Bore Dim,Cylinder Barrel Inner Bore Dim
163,163,163,163,INSPSPEC-0163,Sealing Performance Inspection Specification,PLM_IN_INCOMING,CHK-04,Sealing Performance Inspection,"Sealing Performance Inspection result is qualified, with recorded value 21.150 MPa.",Sealing Performance Inspection,Sealing Performance Inspection
164,164,164,164,INSPSPEC-0164,Pressure Holding Leakage Rate Recheck Specification,PLM_IN_SERVICE,CHK-05,Pressure Holding Leakage Rate Recheck,"Pressure Holding Leakage Rate Recheck result is qualified, with recorded value 0.140 mL/min.",Pressure Holding Leakage Rate ,Pressure Holding Leakage Rate 
165,165,165,165,INSPSPEC-0165,Extension and Retraction Stroke Measurement Specification,PLM_IN_PROC,CHK-06,Extension and Retraction Stroke Measurement,"Extension and Retraction Stroke Measurement result is qualified, with recorded value 154.700 mm.",Extension and Retraction Strok,Extension and Retraction Strok
166,166,166,166,INSPSPEC-0166,Trunnion Bushing Fit Clearance Inspection Specification,PLM_IN_FINAL,CHK-07,Trunnion Bushing Fit Clearance Inspection,"Trunnion Bushing Fit Clearance Inspection result is qualified, with recorded value 4.650 s.",Trunnion Bushing Fit Clearance,Trunnion Bushing Fit Clearance
167,167,167,167,INSPSPEC-0167,Hydraulic Fitting Leakage Inspection Specification,PLM_IN_INCOMING,CHK-08,Hydraulic Fitting Leakage Inspection,"Hydraulic Fitting Leakage Inspection result is qualified, with recorded value 38.0 C.",Hydraulic Fitting Leakage Insp,Hydraulic Fitting Leakage Insp
168,168,168,168,INSPSPEC-0168,Final Functional Test Specification,PLM_IN_SERVICE,CHK-01,Final Functional Test,"Final Functional Test result is qualified, with recorded value 0.210 mm.",Final Functional Test result i,Final Functional Test result i
169,169,169,169,INSPSPEC-0169,Piston Rod Chrome Plating Visual Inspection Specification,PLM_IN_PROC,CHK-02,Piston Rod Chrome Plating Visual Inspection,"Piston Rod Chrome Plating Visual Inspection result is nonconforming, with recorded value 23.400 MPa.",Piston Rod Chrome Plating Visu,Piston Rod Chrome Plating Visu
170,170,170,170,INSPSPEC-0170,Cylinder Barrel Inner Bore Dimension Measurement Specification,PLM_IN_FINAL,CHK-03,Cylinder Barrel Inner Bore Dimension Measurement,"Cylinder Barrel Inner Bore Dimension Measurement result is qualified, with recorded value 0.020 mL/min.",Cylinder Barrel Inner Bore Dim,Cylinder Barrel Inner Bore Dim
171,171,171,171,INSPSPEC-0171,Sealing Performance Inspection Specification,PLM_IN_INCOMING,CHK-04,Sealing Performance Inspection,"Sealing Performance Inspection result is qualified, with recorded value 154.850 mm.",Sealing Performance Inspection,Sealing Performance Inspection
172,172,172,172,INSPSPEC-0172,Pressure Holding Leakage Rate Recheck Specification,PLM_IN_SERVICE,CHK-05,Pressure Holding Leakage Rate Recheck,"Pressure Holding Leakage Rate Recheck result is qualified, with recorded value 4.800 s.",Pressure Holding Leakage Rate ,Pressure Holding Leakage Rate 
173,173,173,173,INSPSPEC-0173,Extension and Retraction Stroke Measurement Specification,PLM_IN_PROC,CHK-06,Extension and Retraction Stroke Measurement,"Extension and Retraction Stroke Measurement result is qualified, with recorded value 38.1 C.",Extension and Retraction Strok,Extension and Retraction Strok
174,174,174,174,INSPSPEC-0174,Trunnion Bushing Fit Clearance Inspection Specification,PLM_IN_FINAL,CHK-07,Trunnion Bushing Fit Clearance Inspection,"Trunnion Bushing Fit Clearance Inspection result is qualified, with recorded value 0.240 mm.",Trunnion Bushing Fit Clearance,Trunnion Bushing Fit Clearance
175,175,175,175,INSPSPEC-0175,Hydraulic Fitting Leakage Inspection Specification,PLM_IN_INCOMING,CHK-08,Hydraulic Fitting Leakage Inspection,"Hydraulic Fitting Leakage Inspection result is qualified, with recorded value 20.700 MPa.",Hydraulic Fitting Leakage Insp,Hydraulic Fitting Leakage Insp
176,176,176,176,INSPSPEC-0176,Final Functional Test Specification,PLM_IN_SERVICE,CHK-01,Final Functional Test,"Final Functional Test result is qualified, with recorded value 0.050 mL/min.",Final Functional Test result i,Final Functional Test result i
177,177,177,177,INSPSPEC-0177,Piston Rod Chrome Plating Visual Inspection Specification,PLM_IN_PROC,CHK-02,Piston Rod Chrome Plating Visual Inspection,"Piston Rod Chrome Plating Visual Inspection result is qualified, with recorded value 155.000 mm.",Piston Rod Chrome Plating Visu,Piston Rod Chrome Plating Visu
178,178,178,178,INSPSPEC-0178,Cylinder Barrel Inner Bore Dimension Measurement Specification,PLM_IN_FINAL,CHK-03,Cylinder Barrel Inner Bore Dimension Measurement,"Cylinder Barrel Inner Bore Dimension Measurement result is qualified, with recorded value 4.950 s.",Cylinder Barrel Inner Bore Dim,Cylinder Barrel Inner Bore Dim
179,179,179,179,INSPSPEC-0179,Sealing Performance Inspection Specification,PLM_IN_INCOMING,CHK-04,Sealing Performance Inspection,"Sealing Performance Inspection result is qualified, with recorded value 38.3 C.",Sealing Performance Inspection,Sealing Performance Inspection
180,180,180,180,INSPSPEC-0180,Pressure Holding Leakage Rate Recheck Specification,PLM_IN_SERVICE,CHK-05,Pressure Holding Leakage Rate Recheck,"Pressure Holding Leakage Rate Recheck result is qualified, with recorded value 0.120 mm.",Pressure Holding Leakage Rate ,Pressure Holding Leakage Rate 
181,181,181,181,INSPSPEC-0181,Extension and Retraction Stroke Measurement Specification,PLM_IN_PROC,CHK-06,Extension and Retraction Stroke Measurement,"Extension and Retraction Stroke Measurement result is qualified, with recorded value 20.850 MPa.",Extension and Retraction Strok,Extension and Retraction Strok
182,182,182,182,INSPSPEC-0182,Trunnion Bushing Fit Clearance Inspection Specification,PLM_IN_FINAL,CHK-07,Trunnion Bushing Fit Clearance Inspection,"Trunnion Bushing Fit Clearance Inspection result is nonconforming, with recorded value 0.220 mL/min.",Trunnion Bushing Fit Clearance,Trunnion Bushing Fit Clearance
183,183,183,183,INSPSPEC-0183,Hydraulic Fitting Leakage Inspection Specification,PLM_IN_INCOMING,CHK-08,Hydraulic Fitting Leakage Inspection,"Hydraulic Fitting Leakage Inspection result is qualified, with recorded value 155.150 mm.",Hydraulic Fitting Leakage Insp,Hydraulic Fitting Leakage Insp
184,184,184,184,INSPSPEC-0184,Final Functional Test Specification,PLM_IN_SERVICE,CHK-01,Final Functional Test,"Final Functional Test result is qualified, with recorded value 5.100 s.",Final Functional Test result i,Final Functional Test result i
185,185,185,185,INSPSPEC-0185,Piston Rod Chrome Plating Visual Inspection Specification,PLM_IN_PROC,CHK-02,Piston Rod Chrome Plating Visual Inspection,"Piston Rod Chrome Plating Visual Inspection result is qualified, with recorded value 37.7 C.",Piston Rod Chrome Plating Visu,Piston Rod Chrome Plating Visu
186,186,186,186,INSPSPEC-0186,Cylinder Barrel Inner Bore Dimension Measurement Specification,PLM_IN_FINAL,CHK-03,Cylinder Barrel Inner Bore Dimension Measurement,"Cylinder Barrel Inner Bore Dimension Measurement result is qualified, with recorded value 0.150 mm.",Cylinder Barrel Inner Bore Dim,Cylinder Barrel Inner Bore Dim
187,187,187,187,INSPSPEC-0187,Sealing Performance Inspection Specification,PLM_IN_INCOMING,CHK-04,Sealing Performance Inspection,"Sealing Performance Inspection result is qualified, with recorded value 21.000 MPa.",Sealing Performance Inspection,Sealing Performance Inspection
188,188,188,188,INSPSPEC-0188,Pressure Holding Leakage Rate Recheck Specification,PLM_IN_SERVICE,CHK-05,Pressure Holding Leakage Rate Recheck,"Pressure Holding Leakage Rate Recheck result is qualified, with recorded value 0.110 mL/min.",Pressure Holding Leakage Rate ,Pressure Holding Leakage Rate 
189,189,189,189,INSPSPEC-0189,Extension and Retraction Stroke Measurement Specification,PLM_IN_PROC,CHK-06,Extension and Retraction Stroke Measurement,"Extension and Retraction Stroke Measurement result is qualified, with recorded value 155.300 mm.",Extension and Retraction Strok,Extension and Retraction Strok
190,190,190,190,INSPSPEC-0190,Trunnion Bushing Fit Clearance Inspection Specification,PLM_IN_FINAL,CHK-07,Trunnion Bushing Fit Clearance Inspection,"Trunnion Bushing Fit Clearance Inspection result is qualified, with recorded value 4.500 s.",Trunnion Bushing Fit Clearance,Trunnion Bushing Fit Clearance
191,191,191,191,INSPSPEC-0191,Hydraulic Fitting Leakage Inspection Specification,PLM_IN_INCOMING,CHK-08,Hydraulic Fitting Leakage Inspection,"Hydraulic Fitting Leakage Inspection result is qualified, with recorded value 37.9 C.",Hydraulic Fitting Leakage Insp,Hydraulic Fitting Leakage Insp
192,192,192,192,INSPSPEC-0192,Final Functional Test Specification,PLM_IN_SERVICE,CHK-01,Final Functional Test,"Final Functional Test result is qualified, with recorded value 0.180 mm.",Final Functional Test result i,Final Functional Test result i
193,193,193,193,INSPSPEC-0193,Piston Rod Chrome Plating Visual Inspection Specification,PLM_IN_PROC,CHK-02,Piston Rod Chrome Plating Visual Inspection,"Piston Rod Chrome Plating Visual Inspection result is qualified, with recorded value 21.150 MPa.",Piston Rod Chrome Plating Visu,Piston Rod Chrome Plating Visu
194,194,194,194,INSPSPEC-0194,Cylinder Barrel Inner Bore Dimension Measurement Specification,PLM_IN_FINAL,CHK-03,Cylinder Barrel Inner Bore Dimension Measurement,"Cylinder Barrel Inner Bore Dimension Measurement result is qualified, with recorded value 0.140 mL/min.",Cylinder Barrel Inner Bore Dim,Cylinder Barrel Inner Bore Dim
195,195,195,195,INSPSPEC-0195,Sealing Performance Inspection Specification,PLM_IN_INCOMING,CHK-04,Sealing Performance Inspection,"Sealing Performance Inspection result is nonconforming, with recorded value 158.400 mm.",Sealing Performance Inspection,Sealing Performance Inspection
196,196,196,196,INSPSPEC-0196,Pressure Holding Leakage Rate Recheck Specification,PLM_IN_SERVICE,CHK-05,Pressure Holding Leakage Rate Recheck,"Pressure Holding Leakage Rate Recheck result is qualified, with recorded value 4.650 s.",Pressure Holding Leakage Rate ,Pressure Holding Leakage Rate 
197,197,197,197,INSPSPEC-0197,Extension and Retraction Stroke Measurement Specification,PLM_IN_PROC,CHK-06,Extension and Retraction Stroke Measurement,"Extension and Retraction Stroke Measurement result is qualified, with recorded value 38.0 C.",Extension and Retraction Strok,Extension and Retraction Strok
198,198,198,198,INSPSPEC-0198,Trunnion Bushing Fit Clearance Inspection Specification,PLM_IN_FINAL,CHK-07,Trunnion Bushing Fit Clearance Inspection,"Trunnion Bushing Fit Clearance Inspection result is qualified, with recorded value 0.210 mm.",Trunnion Bushing Fit Clearance,Trunnion Bushing Fit Clearance
199,199,199,199,INSPSPEC-0199,Hydraulic Fitting Leakage Inspection Specification,PLM_IN_INCOMING,CHK-08,Hydraulic Fitting Leakage Inspection,"Hydraulic Fitting Leakage Inspection result is qualified, with recorded value 21.300 MPa.",Hydraulic Fitting Leakage Insp,Hydraulic Fitting Leakage Insp
200,200,200,200,INSPSPEC-0200,Final Functional Test Specification,PLM_IN_SERVICE,CHK-01,Final Functional Test,"Final Functional Test result is qualified, with recorded value 0.020 mL/min.",Final Functional Test result i,Final Functional Test result i
