part_master_id,design_revision_id,part_no,part_cn_name,part_cat_cd,dwg_no,material_no,mat_grade,spec_text,uom,make_buy_cd,key_level_cd
1,1,LGACT-PART-002,Piston Rod Assembly,PLM_MAKE,DWG-LGACT-0001,MAT-LG-0001,PLM_A,Piston Rod Assembly aviation manufacturing business record used for actuator quality traceability.,PLM_EA,PLM_MAKE,PLM_A
2,2,LGACT-PART-003,Cylinder Barrel Assembly,PLM_BUY,DWG-LGACT-0002,MAT-LG-0002,PLM_B,Cylinder Barrel Assembly aviation manufacturing business record used for actuator quality traceability.,PLM_SET,PLM_BUY,PLM_B
3,3,LGACT-PART-004,Front End Cap,PLM_ASSEMBLY,DWG-LGACT-0003,MAT-LG-0003,PLM_C,Front End Cap aviation manufacturing business record used for actuator quality traceability.,PLM_KG,PLM_OUTSOURCE,PLM_C
4,4,LGACT-PART-005,Rear End Cap,PLM_SERVICE,DWG-LGACT-0004,MAT-LG-0004,PLM_D,Rear End Cap aviation manufacturing business record used for actuator quality traceability.,PLM_M,PLM_REPAIR,PLM_D
5,5,LGACT-PART-006,Seal Ring Assembly,PLM_MAKE,DWG-LGACT-0005,MAT-LG-0005,PLM_A,Seal Ring Assembly aviation manufacturing business record used for actuator quality traceability.,PLM_EA,PLM_MAKE,PLM_A
6,6,LGACT-PART-007,Trunnion Bushing,PLM_BUY,DWG-LGACT-0006,MAT-LG-0006,PLM_B,Trunnion Bushing aviation manufacturing business record used for actuator quality traceability.,PLM_SET,PLM_BUY,PLM_B
7,7,LGACT-PART-008,Spherical Bearing,PLM_ASSEMBLY,DWG-LGACT-0007,MAT-LG-0007,PLM_C,Spherical Bearing aviation manufacturing business record used for actuator quality traceability.,PLM_KG,PLM_OUTSOURCE,PLM_C
8,8,LGACT-PART-009,Throttle Connector,PLM_SERVICE,DWG-LGACT-0008,MAT-LG-0008,PLM_D,Throttle Connector aviation manufacturing business record used for actuator quality traceability.,PLM_M,PLM_REPAIR,PLM_D
9,9,LGACT-PART-010,Displacement Sensor Bracket,PLM_MAKE,DWG-LGACT-0009,MAT-LG-0009,PLM_A,Displacement Sensor Bracket aviation manufacturing business record used for actuator quality traceability.,PLM_EA,PLM_MAKE,PLM_A
10,10,LGACT-PART-011,Locking Nut,PLM_BUY,DWG-LGACT-0010,MAT-LG-0010,PLM_B,Locking Nut aviation manufacturing business record used for actuator quality traceability.,PLM_SET,PLM_BUY,PLM_B
11,11,LGACT-PART-012,Piston Rod Assembly,PLM_ASSEMBLY,DWG-LGACT-0011,MAT-LG-0011,PLM_C,Piston Rod Assembly aviation manufacturing business record used for actuator quality traceability.,PLM_KG,PLM_OUTSOURCE,PLM_C
12,12,LGACT-PART-013,Cylinder Barrel Assembly,PLM_SERVICE,DWG-LGACT-0012,MAT-LG-0012,PLM_D,Cylinder Barrel Assembly aviation manufacturing business record used for actuator quality traceability.,PLM_M,PLM_REPAIR,PLM_D
13,13,LGACT-PART-014,Front End Cap,PLM_MAKE,DWG-LGACT-0013,MAT-LG-0013,PLM_A,Front End Cap aviation manufacturing business record used for actuator quality traceability.,PLM_EA,PLM_MAKE,PLM_A
14,14,LGACT-PART-015,Rear End Cap,PLM_BUY,DWG-LGACT-0014,MAT-LG-0014,PLM_B,Rear End Cap aviation manufacturing business record used for actuator quality traceability.,PLM_SET,PLM_BUY,PLM_B
15,15,LGACT-PART-016,Seal Ring Assembly,PLM_ASSEMBLY,DWG-LGACT-0015,MAT-LG-0015,PLM_C,Seal Ring Assembly aviation manufacturing business record used for actuator quality traceability.,PLM_KG,PLM_OUTSOURCE,PLM_C
16,16,LGACT-PART-017,Trunnion Bushing,PLM_SERVICE,DWG-LGACT-0016,MAT-LG-0016,PLM_D,Trunnion Bushing aviation manufacturing business record used for actuator quality traceability.,PLM_M,PLM_REPAIR,PLM_D
17,17,LGACT-PART-018,Spherical Bearing,PLM_MAKE,DWG-LGACT-0017,MAT-LG-0017,PLM_A,Spherical Bearing aviation manufacturing business record used for actuator quality traceability.,PLM_EA,PLM_MAKE,PLM_A
18,18,LGACT-PART-019,Throttle Connector,PLM_BUY,DWG-LGACT-0018,MAT-LG-0018,PLM_B,Throttle Connector aviation manufacturing business record used for actuator quality traceability.,PLM_SET,PLM_BUY,PLM_B
19,19,LGACT-PART-020,Displacement Sensor Bracket,PLM_ASSEMBLY,DWG-LGACT-0019,MAT-LG-0019,PLM_C,Displacement Sensor Bracket aviation manufacturing business record used for actuator quality traceability.,PLM_KG,PLM_OUTSOURCE,PLM_C
20,20,LGACT-PART-001,Locking Nut,PLM_SERVICE,DWG-LGACT-0020,MAT-LG-0020,PLM_D,Locking Nut aviation manufacturing business record used for actuator quality traceability.,PLM_M,PLM_REPAIR,PLM_D
21,21,LGACT-PART-002,Piston Rod Assembly,PLM_MAKE,DWG-LGACT-0021,MAT-LG-0021,PLM_A,Piston Rod Assembly aviation manufacturing business record used for actuator quality traceability.,PLM_EA,PLM_MAKE,PLM_A
22,22,LGACT-PART-003,Cylinder Barrel Assembly,PLM_BUY,DWG-LGACT-0022,MAT-LG-0022,PLM_B,Cylinder Barrel Assembly aviation manufacturing business record used for actuator quality traceability.,PLM_SET,PLM_BUY,PLM_B
23,23,LGACT-PART-004,Front End Cap,PLM_ASSEMBLY,DWG-LGACT-0023,MAT-LG-0023,PLM_C,Front End Cap aviation manufacturing business record used for actuator quality traceability.,PLM_KG,PLM_OUTSOURCE,PLM_C
24,24,LGACT-PART-005,Rear End Cap,PLM_SERVICE,DWG-LGACT-0024,MAT-LG-0024,PLM_D,Rear End Cap aviation manufacturing business record used for actuator quality traceability.,PLM_M,PLM_REPAIR,PLM_D
25,25,LGACT-PART-006,Seal Ring Assembly,PLM_MAKE,DWG-LGACT-0025,MAT-LG-0025,PLM_A,Seal Ring Assembly aviation manufacturing business record used for actuator quality traceability.,PLM_EA,PLM_MAKE,PLM_A
26,26,LGACT-PART-007,Trunnion Bushing,PLM_BUY,DWG-LGACT-0026,MAT-LG-0026,PLM_B,Trunnion Bushing aviation manufacturing business record used for actuator quality traceability.,PLM_SET,PLM_BUY,PLM_B
27,27,LGACT-PART-008,Spherical Bearing,PLM_ASSEMBLY,DWG-LGACT-0027,MAT-LG-0027,PLM_C,Spherical Bearing aviation manufacturing business record used for actuator quality traceability.,PLM_KG,PLM_OUTSOURCE,PLM_C
28,28,LGACT-PART-009,Throttle Connector,PLM_SERVICE,DWG-LGACT-0028,MAT-LG-0028,PLM_D,Throttle Connector aviation manufacturing business record used for actuator quality traceability.,PLM_M,PLM_REPAIR,PLM_D
29,29,LGACT-PART-010,Displacement Sensor Bracket,PLM_MAKE,DWG-LGACT-0029,MAT-LG-0029,PLM_A,Displacement Sensor Bracket aviation manufacturing business record used for actuator quality traceability.,PLM_EA,PLM_MAKE,PLM_A
30,30,LGACT-PART-011,Locking Nut,PLM_BUY,DWG-LGACT-0030,MAT-LG-0030,PLM_B,Locking Nut aviation manufacturing business record used for actuator quality traceability.,PLM_SET,PLM_BUY,PLM_B
31,31,LGACT-PART-012,Piston Rod Assembly,PLM_ASSEMBLY,DWG-LGACT-0031,MAT-LG-0031,PLM_C,Piston Rod Assembly aviation manufacturing business record used for actuator quality traceability.,PLM_KG,PLM_OUTSOURCE,PLM_C
32,32,LGACT-PART-013,Cylinder Barrel Assembly,PLM_SERVICE,DWG-LGACT-0032,MAT-LG-0032,PLM_D,Cylinder Barrel Assembly aviation manufacturing business record used for actuator quality traceability.,PLM_M,PLM_REPAIR,PLM_D
33,33,LGACT-PART-014,Front End Cap,PLM_MAKE,DWG-LGACT-0033,MAT-LG-0033,PLM_A,Front End Cap aviation manufacturing business record used for actuator quality traceability.,PLM_EA,PLM_MAKE,PLM_A
34,34,LGACT-PART-015,Rear End Cap,PLM_BUY,DWG-LGACT-0034,MAT-LG-0034,PLM_B,Rear End Cap aviation manufacturing business record used for actuator quality traceability.,PLM_SET,PLM_BUY,PLM_B
35,35,LGACT-PART-016,Seal Ring Assembly,PLM_ASSEMBLY,DWG-LGACT-0035,MAT-LG-0035,PLM_C,Seal Ring Assembly aviation manufacturing business record used for actuator quality traceability.,PLM_KG,PLM_OUTSOURCE,PLM_C
36,36,LGACT-PART-017,Trunnion Bushing,PLM_SERVICE,DWG-LGACT-0036,MAT-LG-0036,PLM_D,Trunnion Bushing aviation manufacturing business record used for actuator quality traceability.,PLM_M,PLM_REPAIR,PLM_D
37,37,LGACT-PART-018,Spherical Bearing,PLM_MAKE,DWG-LGACT-0037,MAT-LG-0037,PLM_A,Spherical Bearing aviation manufacturing business record used for actuator quality traceability.,PLM_EA,PLM_MAKE,PLM_A
38,38,LGACT-PART-019,Throttle Connector,PLM_BUY,DWG-LGACT-0038,MAT-LG-0038,PLM_B,Throttle Connector aviation manufacturing business record used for actuator quality traceability.,PLM_SET,PLM_BUY,PLM_B
39,39,LGACT-PART-020,Displacement Sensor Bracket,PLM_ASSEMBLY,DWG-LGACT-0039,MAT-LG-0039,PLM_C,Displacement Sensor Bracket aviation manufacturing business record used for actuator quality traceability.,PLM_KG,PLM_OUTSOURCE,PLM_C
40,40,LGACT-PART-001,Locking Nut,PLM_SERVICE,DWG-LGACT-0040,MAT-LG-0040,PLM_D,Locking Nut aviation manufacturing business record used for actuator quality traceability.,PLM_M,PLM_REPAIR,PLM_D
41,41,LGACT-PART-002,Piston Rod Assembly,PLM_MAKE,DWG-LGACT-0041,MAT-LG-0041,PLM_A,Piston Rod Assembly aviation manufacturing business record used for actuator quality traceability.,PLM_EA,PLM_MAKE,PLM_A
42,42,LGACT-PART-003,Cylinder Barrel Assembly,PLM_BUY,DWG-LGACT-0042,MAT-LG-0042,PLM_B,Cylinder Barrel Assembly aviation manufacturing business record used for actuator quality traceability.,PLM_SET,PLM_BUY,PLM_B
43,43,LGACT-PART-004,Front End Cap,PLM_ASSEMBLY,DWG-LGACT-0043,MAT-LG-0043,PLM_C,Front End Cap aviation manufacturing business record used for actuator quality traceability.,PLM_KG,PLM_OUTSOURCE,PLM_C
44,44,LGACT-PART-005,Rear End Cap,PLM_SERVICE,DWG-LGACT-0044,MAT-LG-0044,PLM_D,Rear End Cap aviation manufacturing business record used for actuator quality traceability.,PLM_M,PLM_REPAIR,PLM_D
45,45,LGACT-PART-006,Seal Ring Assembly,PLM_MAKE,DWG-LGACT-0045,MAT-LG-0045,PLM_A,Seal Ring Assembly aviation manufacturing business record used for actuator quality traceability.,PLM_EA,PLM_MAKE,PLM_A
46,46,LGACT-PART-007,Trunnion Bushing,PLM_BUY,DWG-LGACT-0046,MAT-LG-0046,PLM_B,Trunnion Bushing aviation manufacturing business record used for actuator quality traceability.,PLM_SET,PLM_BUY,PLM_B
47,47,LGACT-PART-008,Spherical Bearing,PLM_ASSEMBLY,DWG-LGACT-0047,MAT-LG-0047,PLM_C,Spherical Bearing aviation manufacturing business record used for actuator quality traceability.,PLM_KG,PLM_OUTSOURCE,PLM_C
48,48,LGACT-PART-009,Throttle Connector,PLM_SERVICE,DWG-LGACT-0048,MAT-LG-0048,PLM_D,Throttle Connector aviation manufacturing business record used for actuator quality traceability.,PLM_M,PLM_REPAIR,PLM_D
49,49,LGACT-PART-010,Displacement Sensor Bracket,PLM_MAKE,DWG-LGACT-0049,MAT-LG-0049,PLM_A,Displacement Sensor Bracket aviation manufacturing business record used for actuator quality traceability.,PLM_EA,PLM_MAKE,PLM_A
50,50,LGACT-PART-011,Locking Nut,PLM_BUY,DWG-LGACT-0050,MAT-LG-0050,PLM_B,Locking Nut aviation manufacturing business record used for actuator quality traceability.,PLM_SET,PLM_BUY,PLM_B
51,51,LGACT-PART-012,Piston Rod Assembly,PLM_ASSEMBLY,DWG-LGACT-0051,MAT-LG-0051,PLM_C,Piston Rod Assembly aviation manufacturing business record used for actuator quality traceability.,PLM_KG,PLM_OUTSOURCE,PLM_C
52,52,LGACT-PART-013,Cylinder Barrel Assembly,PLM_SERVICE,DWG-LGACT-0052,MAT-LG-0052,PLM_D,Cylinder Barrel Assembly aviation manufacturing business record used for actuator quality traceability.,PLM_M,PLM_REPAIR,PLM_D
53,53,LGACT-PART-014,Front End Cap,PLM_MAKE,DWG-LGACT-0053,MAT-LG-0053,PLM_A,Front End Cap aviation manufacturing business record used for actuator quality traceability.,PLM_EA,PLM_MAKE,PLM_A
54,54,LGACT-PART-015,Rear End Cap,PLM_BUY,DWG-LGACT-0054,MAT-LG-0054,PLM_B,Rear End Cap aviation manufacturing business record used for actuator quality traceability.,PLM_SET,PLM_BUY,PLM_B
55,55,LGACT-PART-016,Seal Ring Assembly,PLM_ASSEMBLY,DWG-LGACT-0055,MAT-LG-0055,PLM_C,Seal Ring Assembly aviation manufacturing business record used for actuator quality traceability.,PLM_KG,PLM_OUTSOURCE,PLM_C
56,56,LGACT-PART-017,Trunnion Bushing,PLM_SERVICE,DWG-LGACT-0056,MAT-LG-0056,PLM_D,Trunnion Bushing aviation manufacturing business record used for actuator quality traceability.,PLM_M,PLM_REPAIR,PLM_D
57,57,LGACT-PART-018,Spherical Bearing,PLM_MAKE,DWG-LGACT-0057,MAT-LG-0057,PLM_A,Spherical Bearing aviation manufacturing business record used for actuator quality traceability.,PLM_EA,PLM_MAKE,PLM_A
58,58,LGACT-PART-019,Throttle Connector,PLM_BUY,DWG-LGACT-0058,MAT-LG-0058,PLM_B,Throttle Connector aviation manufacturing business record used for actuator quality traceability.,PLM_SET,PLM_BUY,PLM_B
59,59,LGACT-PART-020,Displacement Sensor Bracket,PLM_ASSEMBLY,DWG-LGACT-0059,MAT-LG-0059,PLM_C,Displacement Sensor Bracket aviation manufacturing business record used for actuator quality traceability.,PLM_KG,PLM_OUTSOURCE,PLM_C
60,60,LGACT-PART-001,Locking Nut,PLM_SERVICE,DWG-LGACT-0060,MAT-LG-0060,PLM_D,Locking Nut aviation manufacturing business record used for actuator quality traceability.,PLM_M,PLM_REPAIR,PLM_D
61,61,LGACT-PART-002,Piston Rod Assembly,PLM_MAKE,DWG-LGACT-0061,MAT-LG-0061,PLM_A,Piston Rod Assembly aviation manufacturing business record used for actuator quality traceability.,PLM_EA,PLM_MAKE,PLM_A
62,62,LGACT-PART-003,Cylinder Barrel Assembly,PLM_BUY,DWG-LGACT-0062,MAT-LG-0062,PLM_B,Cylinder Barrel Assembly aviation manufacturing business record used for actuator quality traceability.,PLM_SET,PLM_BUY,PLM_B
63,63,LGACT-PART-004,Front End Cap,PLM_ASSEMBLY,DWG-LGACT-0063,MAT-LG-0063,PLM_C,Front End Cap aviation manufacturing business record used for actuator quality traceability.,PLM_KG,PLM_OUTSOURCE,PLM_C
64,64,LGACT-PART-005,Rear End Cap,PLM_SERVICE,DWG-LGACT-0064,MAT-LG-0064,PLM_D,Rear End Cap aviation manufacturing business record used for actuator quality traceability.,PLM_M,PLM_REPAIR,PLM_D
65,65,LGACT-PART-006,Seal Ring Assembly,PLM_MAKE,DWG-LGACT-0065,MAT-LG-0065,PLM_A,Seal Ring Assembly aviation manufacturing business record used for actuator quality traceability.,PLM_EA,PLM_MAKE,PLM_A
66,66,LGACT-PART-007,Trunnion Bushing,PLM_BUY,DWG-LGACT-0066,MAT-LG-0066,PLM_B,Trunnion Bushing aviation manufacturing business record used for actuator quality traceability.,PLM_SET,PLM_BUY,PLM_B
67,67,LGACT-PART-008,Spherical Bearing,PLM_ASSEMBLY,DWG-LGACT-0067,MAT-LG-0067,PLM_C,Spherical Bearing aviation manufacturing business record used for actuator quality traceability.,PLM_KG,PLM_OUTSOURCE,PLM_C
68,68,LGACT-PART-009,Throttle Connector,PLM_SERVICE,DWG-LGACT-0068,MAT-LG-0068,PLM_D,Throttle Connector aviation manufacturing business record used for actuator quality traceability.,PLM_M,PLM_REPAIR,PLM_D
69,69,LGACT-PART-010,Displacement Sensor Bracket,PLM_MAKE,DWG-LGACT-0069,MAT-LG-0069,PLM_A,Displacement Sensor Bracket aviation manufacturing business record used for actuator quality traceability.,PLM_EA,PLM_MAKE,PLM_A
70,70,LGACT-PART-011,Locking Nut,PLM_BUY,DWG-LGACT-0070,MAT-LG-0070,PLM_B,Locking Nut aviation manufacturing business record used for actuator quality traceability.,PLM_SET,PLM_BUY,PLM_B
71,71,LGACT-PART-012,Piston Rod Assembly,PLM_ASSEMBLY,DWG-LGACT-0071,MAT-LG-0071,PLM_C,Piston Rod Assembly aviation manufacturing business record used for actuator quality traceability.,PLM_KG,PLM_OUTSOURCE,PLM_C
72,72,LGACT-PART-013,Cylinder Barrel Assembly,PLM_SERVICE,DWG-LGACT-0072,MAT-LG-0072,PLM_D,Cylinder Barrel Assembly aviation manufacturing business record used for actuator quality traceability.,PLM_M,PLM_REPAIR,PLM_D
73,73,LGACT-PART-014,Front End Cap,PLM_MAKE,DWG-LGACT-0073,MAT-LG-0073,PLM_A,Front End Cap aviation manufacturing business record used for actuator quality traceability.,PLM_EA,PLM_MAKE,PLM_A
74,74,LGACT-PART-015,Rear End Cap,PLM_BUY,DWG-LGACT-0074,MAT-LG-0074,PLM_B,Rear End Cap aviation manufacturing business record used for actuator quality traceability.,PLM_SET,PLM_BUY,PLM_B
75,75,LGACT-PART-016,Seal Ring Assembly,PLM_ASSEMBLY,DWG-LGACT-0075,MAT-LG-0075,PLM_C,Seal Ring Assembly aviation manufacturing business record used for actuator quality traceability.,PLM_KG,PLM_OUTSOURCE,PLM_C
76,76,LGACT-PART-017,Trunnion Bushing,PLM_SERVICE,DWG-LGACT-0076,MAT-LG-0076,PLM_D,Trunnion Bushing aviation manufacturing business record used for actuator quality traceability.,PLM_M,PLM_REPAIR,PLM_D
77,77,LGACT-PART-018,Spherical Bearing,PLM_MAKE,DWG-LGACT-0077,MAT-LG-0077,PLM_A,Spherical Bearing aviation manufacturing business record used for actuator quality traceability.,PLM_EA,PLM_MAKE,PLM_A
78,78,LGACT-PART-019,Throttle Connector,PLM_BUY,DWG-LGACT-0078,MAT-LG-0078,PLM_B,Throttle Connector aviation manufacturing business record used for actuator quality traceability.,PLM_SET,PLM_BUY,PLM_B
79,79,LGACT-PART-020,Displacement Sensor Bracket,PLM_ASSEMBLY,DWG-LGACT-0079,MAT-LG-0079,PLM_C,Displacement Sensor Bracket aviation manufacturing business record used for actuator quality traceability.,PLM_KG,PLM_OUTSOURCE,PLM_C
80,80,LGACT-PART-001,Locking Nut,PLM_SERVICE,DWG-LGACT-0080,MAT-LG-0080,PLM_D,Locking Nut aviation manufacturing business record used for actuator quality traceability.,PLM_M,PLM_REPAIR,PLM_D
81,81,LGACT-PART-002,Piston Rod Assembly,PLM_MAKE,DWG-LGACT-0081,MAT-LG-0081,PLM_A,Piston Rod Assembly aviation manufacturing business record used for actuator quality traceability.,PLM_EA,PLM_MAKE,PLM_A
82,82,LGACT-PART-003,Cylinder Barrel Assembly,PLM_BUY,DWG-LGACT-0082,MAT-LG-0082,PLM_B,Cylinder Barrel Assembly aviation manufacturing business record used for actuator quality traceability.,PLM_SET,PLM_BUY,PLM_B
83,83,LGACT-PART-004,Front End Cap,PLM_ASSEMBLY,DWG-LGACT-0083,MAT-LG-0083,PLM_C,Front End Cap aviation manufacturing business record used for actuator quality traceability.,PLM_KG,PLM_OUTSOURCE,PLM_C
84,84,LGACT-PART-005,Rear End Cap,PLM_SERVICE,DWG-LGACT-0084,MAT-LG-0084,PLM_D,Rear End Cap aviation manufacturing business record used for actuator quality traceability.,PLM_M,PLM_REPAIR,PLM_D
85,85,LGACT-PART-006,Seal Ring Assembly,PLM_MAKE,DWG-LGACT-0085,MAT-LG-0085,PLM_A,Seal Ring Assembly aviation manufacturing business record used for actuator quality traceability.,PLM_EA,PLM_MAKE,PLM_A
86,86,LGACT-PART-007,Trunnion Bushing,PLM_BUY,DWG-LGACT-0086,MAT-LG-0086,PLM_B,Trunnion Bushing aviation manufacturing business record used for actuator quality traceability.,PLM_SET,PLM_BUY,PLM_B
87,87,LGACT-PART-008,Spherical Bearing,PLM_ASSEMBLY,DWG-LGACT-0087,MAT-LG-0087,PLM_C,Spherical Bearing aviation manufacturing business record used for actuator quality traceability.,PLM_KG,PLM_OUTSOURCE,PLM_C
88,88,LGACT-PART-009,Throttle Connector,PLM_SERVICE,DWG-LGACT-0088,MAT-LG-0088,PLM_D,Throttle Connector aviation manufacturing business record used for actuator quality traceability.,PLM_M,PLM_REPAIR,PLM_D
89,89,LGACT-PART-010,Displacement Sensor Bracket,PLM_MAKE,DWG-LGACT-0089,MAT-LG-0089,PLM_A,Displacement Sensor Bracket aviation manufacturing business record used for actuator quality traceability.,PLM_EA,PLM_MAKE,PLM_A
90,90,LGACT-PART-011,Locking Nut,PLM_BUY,DWG-LGACT-0090,MAT-LG-0090,PLM_B,Locking Nut aviation manufacturing business record used for actuator quality traceability.,PLM_SET,PLM_BUY,PLM_B
91,91,LGACT-PART-012,Piston Rod Assembly,PLM_ASSEMBLY,DWG-LGACT-0091,MAT-LG-0091,PLM_C,Piston Rod Assembly aviation manufacturing business record used for actuator quality traceability.,PLM_KG,PLM_OUTSOURCE,PLM_C
92,92,LGACT-PART-013,Cylinder Barrel Assembly,PLM_SERVICE,DWG-LGACT-0092,MAT-LG-0092,PLM_D,Cylinder Barrel Assembly aviation manufacturing business record used for actuator quality traceability.,PLM_M,PLM_REPAIR,PLM_D
93,93,LGACT-PART-014,Front End Cap,PLM_MAKE,DWG-LGACT-0093,MAT-LG-0093,PLM_A,Front End Cap aviation manufacturing business record used for actuator quality traceability.,PLM_EA,PLM_MAKE,PLM_A
94,94,LGACT-PART-015,Rear End Cap,PLM_BUY,DWG-LGACT-0094,MAT-LG-0094,PLM_B,Rear End Cap aviation manufacturing business record used for actuator quality traceability.,PLM_SET,PLM_BUY,PLM_B
95,95,LGACT-PART-016,Seal Ring Assembly,PLM_ASSEMBLY,DWG-LGACT-0095,MAT-LG-0095,PLM_C,Seal Ring Assembly aviation manufacturing business record used for actuator quality traceability.,PLM_KG,PLM_OUTSOURCE,PLM_C
96,96,LGACT-PART-017,Trunnion Bushing,PLM_SERVICE,DWG-LGACT-0096,MAT-LG-0096,PLM_D,Trunnion Bushing aviation manufacturing business record used for actuator quality traceability.,PLM_M,PLM_REPAIR,PLM_D
97,97,LGACT-PART-018,Spherical Bearing,PLM_MAKE,DWG-LGACT-0097,MAT-LG-0097,PLM_A,Spherical Bearing aviation manufacturing business record used for actuator quality traceability.,PLM_EA,PLM_MAKE,PLM_A
98,98,LGACT-PART-019,Throttle Connector,PLM_BUY,DWG-LGACT-0098,MAT-LG-0098,PLM_B,Throttle Connector aviation manufacturing business record used for actuator quality traceability.,PLM_SET,PLM_BUY,PLM_B
99,99,LGACT-PART-020,Displacement Sensor Bracket,PLM_ASSEMBLY,DWG-LGACT-0099,MAT-LG-0099,PLM_C,Displacement Sensor Bracket aviation manufacturing business record used for actuator quality traceability.,PLM_KG,PLM_OUTSOURCE,PLM_C
100,100,LGACT-PART-001,Locking Nut,PLM_SERVICE,DWG-LGACT-0100,MAT-LG-0100,PLM_D,Locking Nut aviation manufacturing business record used for actuator quality traceability.,PLM_M,PLM_REPAIR,PLM_D
101,101,LGACT-PART-002,Piston Rod Assembly,PLM_MAKE,DWG-LGACT-0101,MAT-LG-0101,PLM_A,Piston Rod Assembly aviation manufacturing business record used for actuator quality traceability.,PLM_EA,PLM_MAKE,PLM_A
102,102,LGACT-PART-003,Cylinder Barrel Assembly,PLM_BUY,DWG-LGACT-0102,MAT-LG-0102,PLM_B,Cylinder Barrel Assembly aviation manufacturing business record used for actuator quality traceability.,PLM_SET,PLM_BUY,PLM_B
103,103,LGACT-PART-004,Front End Cap,PLM_ASSEMBLY,DWG-LGACT-0103,MAT-LG-0103,PLM_C,Front End Cap aviation manufacturing business record used for actuator quality traceability.,PLM_KG,PLM_OUTSOURCE,PLM_C
104,104,LGACT-PART-005,Rear End Cap,PLM_SERVICE,DWG-LGACT-0104,MAT-LG-0104,PLM_D,Rear End Cap aviation manufacturing business record used for actuator quality traceability.,PLM_M,PLM_REPAIR,PLM_D
105,105,LGACT-PART-006,Seal Ring Assembly,PLM_MAKE,DWG-LGACT-0105,MAT-LG-0105,PLM_A,Seal Ring Assembly aviation manufacturing business record used for actuator quality traceability.,PLM_EA,PLM_MAKE,PLM_A
106,106,LGACT-PART-007,Trunnion Bushing,PLM_BUY,DWG-LGACT-0106,MAT-LG-0106,PLM_B,Trunnion Bushing aviation manufacturing business record used for actuator quality traceability.,PLM_SET,PLM_BUY,PLM_B
107,107,LGACT-PART-008,Spherical Bearing,PLM_ASSEMBLY,DWG-LGACT-0107,MAT-LG-0107,PLM_C,Spherical Bearing aviation manufacturing business record used for actuator quality traceability.,PLM_KG,PLM_OUTSOURCE,PLM_C
108,108,LGACT-PART-009,Throttle Connector,PLM_SERVICE,DWG-LGACT-0108,MAT-LG-0108,PLM_D,Throttle Connector aviation manufacturing business record used for actuator quality traceability.,PLM_M,PLM_REPAIR,PLM_D
109,109,LGACT-PART-010,Displacement Sensor Bracket,PLM_MAKE,DWG-LGACT-0109,MAT-LG-0109,PLM_A,Displacement Sensor Bracket aviation manufacturing business record used for actuator quality traceability.,PLM_EA,PLM_MAKE,PLM_A
110,110,LGACT-PART-011,Locking Nut,PLM_BUY,DWG-LGACT-0110,MAT-LG-0110,PLM_B,Locking Nut aviation manufacturing business record used for actuator quality traceability.,PLM_SET,PLM_BUY,PLM_B
111,111,LGACT-PART-012,Piston Rod Assembly,PLM_ASSEMBLY,DWG-LGACT-0111,MAT-LG-0111,PLM_C,Piston Rod Assembly aviation manufacturing business record used for actuator quality traceability.,PLM_KG,PLM_OUTSOURCE,PLM_C
112,112,LGACT-PART-013,Cylinder Barrel Assembly,PLM_SERVICE,DWG-LGACT-0112,MAT-LG-0112,PLM_D,Cylinder Barrel Assembly aviation manufacturing business record used for actuator quality traceability.,PLM_M,PLM_REPAIR,PLM_D
113,113,LGACT-PART-014,Front End Cap,PLM_MAKE,DWG-LGACT-0113,MAT-LG-0113,PLM_A,Front End Cap aviation manufacturing business record used for actuator quality traceability.,PLM_EA,PLM_MAKE,PLM_A
114,114,LGACT-PART-015,Rear End Cap,PLM_BUY,DWG-LGACT-0114,MAT-LG-0114,PLM_B,Rear End Cap aviation manufacturing business record used for actuator quality traceability.,PLM_SET,PLM_BUY,PLM_B
115,115,LGACT-PART-016,Seal Ring Assembly,PLM_ASSEMBLY,DWG-LGACT-0115,MAT-LG-0115,PLM_C,Seal Ring Assembly aviation manufacturing business record used for actuator quality traceability.,PLM_KG,PLM_OUTSOURCE,PLM_C
116,116,LGACT-PART-017,Trunnion Bushing,PLM_SERVICE,DWG-LGACT-0116,MAT-LG-0116,PLM_D,Trunnion Bushing aviation manufacturing business record used for actuator quality traceability.,PLM_M,PLM_REPAIR,PLM_D
117,117,LGACT-PART-018,Spherical Bearing,PLM_MAKE,DWG-LGACT-0117,MAT-LG-0117,PLM_A,Spherical Bearing aviation manufacturing business record used for actuator quality traceability.,PLM_EA,PLM_MAKE,PLM_A
118,118,LGACT-PART-019,Throttle Connector,PLM_BUY,DWG-LGACT-0118,MAT-LG-0118,PLM_B,Throttle Connector aviation manufacturing business record used for actuator quality traceability.,PLM_SET,PLM_BUY,PLM_B
119,119,LGACT-PART-020,Displacement Sensor Bracket,PLM_ASSEMBLY,DWG-LGACT-0119,MAT-LG-0119,PLM_C,Displacement Sensor Bracket aviation manufacturing business record used for actuator quality traceability.,PLM_KG,PLM_OUTSOURCE,PLM_C
120,120,LGACT-PART-001,Locking Nut,PLM_SERVICE,DWG-LGACT-0120,MAT-LG-0120,PLM_D,Locking Nut aviation manufacturing business record used for actuator quality traceability.,PLM_M,PLM_REPAIR,PLM_D
121,121,LGACT-PART-002,Piston Rod Assembly,PLM_MAKE,DWG-LGACT-0121,MAT-LG-0121,PLM_A,Piston Rod Assembly aviation manufacturing business record used for actuator quality traceability.,PLM_EA,PLM_MAKE,PLM_A
122,122,LGACT-PART-003,Cylinder Barrel Assembly,PLM_BUY,DWG-LGACT-0122,MAT-LG-0122,PLM_B,Cylinder Barrel Assembly aviation manufacturing business record used for actuator quality traceability.,PLM_SET,PLM_BUY,PLM_B
123,123,LGACT-PART-004,Front End Cap,PLM_ASSEMBLY,DWG-LGACT-0123,MAT-LG-0123,PLM_C,Front End Cap aviation manufacturing business record used for actuator quality traceability.,PLM_KG,PLM_OUTSOURCE,PLM_C
124,124,LGACT-PART-005,Rear End Cap,PLM_SERVICE,DWG-LGACT-0124,MAT-LG-0124,PLM_D,Rear End Cap aviation manufacturing business record used for actuator quality traceability.,PLM_M,PLM_REPAIR,PLM_D
125,125,LGACT-PART-006,Seal Ring Assembly,PLM_MAKE,DWG-LGACT-0125,MAT-LG-0125,PLM_A,Seal Ring Assembly aviation manufacturing business record used for actuator quality traceability.,PLM_EA,PLM_MAKE,PLM_A
126,126,LGACT-PART-007,Trunnion Bushing,PLM_BUY,DWG-LGACT-0126,MAT-LG-0126,PLM_B,Trunnion Bushing aviation manufacturing business record used for actuator quality traceability.,PLM_SET,PLM_BUY,PLM_B
127,127,LGACT-PART-008,Spherical Bearing,PLM_ASSEMBLY,DWG-LGACT-0127,MAT-LG-0127,PLM_C,Spherical Bearing aviation manufacturing business record used for actuator quality traceability.,PLM_KG,PLM_OUTSOURCE,PLM_C
128,128,LGACT-PART-009,Throttle Connector,PLM_SERVICE,DWG-LGACT-0128,MAT-LG-0128,PLM_D,Throttle Connector aviation manufacturing business record used for actuator quality traceability.,PLM_M,PLM_REPAIR,PLM_D
129,129,LGACT-PART-010,Displacement Sensor Bracket,PLM_MAKE,DWG-LGACT-0129,MAT-LG-0129,PLM_A,Displacement Sensor Bracket aviation manufacturing business record used for actuator quality traceability.,PLM_EA,PLM_MAKE,PLM_A
130,130,LGACT-PART-011,Locking Nut,PLM_BUY,DWG-LGACT-0130,MAT-LG-0130,PLM_B,Locking Nut aviation manufacturing business record used for actuator quality traceability.,PLM_SET,PLM_BUY,PLM_B
131,131,LGACT-PART-012,Piston Rod Assembly,PLM_ASSEMBLY,DWG-LGACT-0131,MAT-LG-0131,PLM_C,Piston Rod Assembly aviation manufacturing business record used for actuator quality traceability.,PLM_KG,PLM_OUTSOURCE,PLM_C
132,132,LGACT-PART-013,Cylinder Barrel Assembly,PLM_SERVICE,DWG-LGACT-0132,MAT-LG-0132,PLM_D,Cylinder Barrel Assembly aviation manufacturing business record used for actuator quality traceability.,PLM_M,PLM_REPAIR,PLM_D
133,133,LGACT-PART-014,Front End Cap,PLM_MAKE,DWG-LGACT-0133,MAT-LG-0133,PLM_A,Front End Cap aviation manufacturing business record used for actuator quality traceability.,PLM_EA,PLM_MAKE,PLM_A
134,134,LGACT-PART-015,Rear End Cap,PLM_BUY,DWG-LGACT-0134,MAT-LG-0134,PLM_B,Rear End Cap aviation manufacturing business record used for actuator quality traceability.,PLM_SET,PLM_BUY,PLM_B
135,135,LGACT-PART-016,Seal Ring Assembly,PLM_ASSEMBLY,DWG-LGACT-0135,MAT-LG-0135,PLM_C,Seal Ring Assembly aviation manufacturing business record used for actuator quality traceability.,PLM_KG,PLM_OUTSOURCE,PLM_C
136,136,LGACT-PART-017,Trunnion Bushing,PLM_SERVICE,DWG-LGACT-0136,MAT-LG-0136,PLM_D,Trunnion Bushing aviation manufacturing business record used for actuator quality traceability.,PLM_M,PLM_REPAIR,PLM_D
137,137,LGACT-PART-018,Spherical Bearing,PLM_MAKE,DWG-LGACT-0137,MAT-LG-0137,PLM_A,Spherical Bearing aviation manufacturing business record used for actuator quality traceability.,PLM_EA,PLM_MAKE,PLM_A
138,138,LGACT-PART-019,Throttle Connector,PLM_BUY,DWG-LGACT-0138,MAT-LG-0138,PLM_B,Throttle Connector aviation manufacturing business record used for actuator quality traceability.,PLM_SET,PLM_BUY,PLM_B
139,139,LGACT-PART-020,Displacement Sensor Bracket,PLM_ASSEMBLY,DWG-LGACT-0139,MAT-LG-0139,PLM_C,Displacement Sensor Bracket aviation manufacturing business record used for actuator quality traceability.,PLM_KG,PLM_OUTSOURCE,PLM_C
140,140,LGACT-PART-001,Locking Nut,PLM_SERVICE,DWG-LGACT-0140,MAT-LG-0140,PLM_D,Locking Nut aviation manufacturing business record used for actuator quality traceability.,PLM_M,PLM_REPAIR,PLM_D
141,141,LGACT-PART-002,Piston Rod Assembly,PLM_MAKE,DWG-LGACT-0141,MAT-LG-0141,PLM_A,Piston Rod Assembly aviation manufacturing business record used for actuator quality traceability.,PLM_EA,PLM_MAKE,PLM_A
142,142,LGACT-PART-003,Cylinder Barrel Assembly,PLM_BUY,DWG-LGACT-0142,MAT-LG-0142,PLM_B,Cylinder Barrel Assembly aviation manufacturing business record used for actuator quality traceability.,PLM_SET,PLM_BUY,PLM_B
143,143,LGACT-PART-004,Front End Cap,PLM_ASSEMBLY,DWG-LGACT-0143,MAT-LG-0143,PLM_C,Front End Cap aviation manufacturing business record used for actuator quality traceability.,PLM_KG,PLM_OUTSOURCE,PLM_C
144,144,LGACT-PART-005,Rear End Cap,PLM_SERVICE,DWG-LGACT-0144,MAT-LG-0144,PLM_D,Rear End Cap aviation manufacturing business record used for actuator quality traceability.,PLM_M,PLM_REPAIR,PLM_D
145,145,LGACT-PART-006,Seal Ring Assembly,PLM_MAKE,DWG-LGACT-0145,MAT-LG-0145,PLM_A,Seal Ring Assembly aviation manufacturing business record used for actuator quality traceability.,PLM_EA,PLM_MAKE,PLM_A
146,146,LGACT-PART-007,Trunnion Bushing,PLM_BUY,DWG-LGACT-0146,MAT-LG-0146,PLM_B,Trunnion Bushing aviation manufacturing business record used for actuator quality traceability.,PLM_SET,PLM_BUY,PLM_B
147,147,LGACT-PART-008,Spherical Bearing,PLM_ASSEMBLY,DWG-LGACT-0147,MAT-LG-0147,PLM_C,Spherical Bearing aviation manufacturing business record used for actuator quality traceability.,PLM_KG,PLM_OUTSOURCE,PLM_C
148,148,LGACT-PART-009,Throttle Connector,PLM_SERVICE,DWG-LGACT-0148,MAT-LG-0148,PLM_D,Throttle Connector aviation manufacturing business record used for actuator quality traceability.,PLM_M,PLM_REPAIR,PLM_D
149,149,LGACT-PART-010,Displacement Sensor Bracket,PLM_MAKE,DWG-LGACT-0149,MAT-LG-0149,PLM_A,Displacement Sensor Bracket aviation manufacturing business record used for actuator quality traceability.,PLM_EA,PLM_MAKE,PLM_A
150,150,LGACT-PART-011,Locking Nut,PLM_BUY,DWG-LGACT-0150,MAT-LG-0150,PLM_B,Locking Nut aviation manufacturing business record used for actuator quality traceability.,PLM_SET,PLM_BUY,PLM_B
151,151,LGACT-PART-012,Piston Rod Assembly,PLM_ASSEMBLY,DWG-LGACT-0151,MAT-LG-0151,PLM_C,Piston Rod Assembly aviation manufacturing business record used for actuator quality traceability.,PLM_KG,PLM_OUTSOURCE,PLM_C
152,152,LGACT-PART-013,Cylinder Barrel Assembly,PLM_SERVICE,DWG-LGACT-0152,MAT-LG-0152,PLM_D,Cylinder Barrel Assembly aviation manufacturing business record used for actuator quality traceability.,PLM_M,PLM_REPAIR,PLM_D
153,153,LGACT-PART-014,Front End Cap,PLM_MAKE,DWG-LGACT-0153,MAT-LG-0153,PLM_A,Front End Cap aviation manufacturing business record used for actuator quality traceability.,PLM_EA,PLM_MAKE,PLM_A
154,154,LGACT-PART-015,Rear End Cap,PLM_BUY,DWG-LGACT-0154,MAT-LG-0154,PLM_B,Rear End Cap aviation manufacturing business record used for actuator quality traceability.,PLM_SET,PLM_BUY,PLM_B
155,155,LGACT-PART-016,Seal Ring Assembly,PLM_ASSEMBLY,DWG-LGACT-0155,MAT-LG-0155,PLM_C,Seal Ring Assembly aviation manufacturing business record used for actuator quality traceability.,PLM_KG,PLM_OUTSOURCE,PLM_C
156,156,LGACT-PART-017,Trunnion Bushing,PLM_SERVICE,DWG-LGACT-0156,MAT-LG-0156,PLM_D,Trunnion Bushing aviation manufacturing business record used for actuator quality traceability.,PLM_M,PLM_REPAIR,PLM_D
157,157,LGACT-PART-018,Spherical Bearing,PLM_MAKE,DWG-LGACT-0157,MAT-LG-0157,PLM_A,Spherical Bearing aviation manufacturing business record used for actuator quality traceability.,PLM_EA,PLM_MAKE,PLM_A
158,158,LGACT-PART-019,Throttle Connector,PLM_BUY,DWG-LGACT-0158,MAT-LG-0158,PLM_B,Throttle Connector aviation manufacturing business record used for actuator quality traceability.,PLM_SET,PLM_BUY,PLM_B
159,159,LGACT-PART-020,Displacement Sensor Bracket,PLM_ASSEMBLY,DWG-LGACT-0159,MAT-LG-0159,PLM_C,Displacement Sensor Bracket aviation manufacturing business record used for actuator quality traceability.,PLM_KG,PLM_OUTSOURCE,PLM_C
160,160,LGACT-PART-001,Locking Nut,PLM_SERVICE,DWG-LGACT-0160,MAT-LG-0160,PLM_D,Locking Nut aviation manufacturing business record used for actuator quality traceability.,PLM_M,PLM_REPAIR,PLM_D
161,161,LGACT-PART-002,Piston Rod Assembly,PLM_MAKE,DWG-LGACT-0161,MAT-LG-0161,PLM_A,Piston Rod Assembly aviation manufacturing business record used for actuator quality traceability.,PLM_EA,PLM_MAKE,PLM_A
162,162,LGACT-PART-003,Cylinder Barrel Assembly,PLM_BUY,DWG-LGACT-0162,MAT-LG-0162,PLM_B,Cylinder Barrel Assembly aviation manufacturing business record used for actuator quality traceability.,PLM_SET,PLM_BUY,PLM_B
163,163,LGACT-PART-004,Front End Cap,PLM_ASSEMBLY,DWG-LGACT-0163,MAT-LG-0163,PLM_C,Front End Cap aviation manufacturing business record used for actuator quality traceability.,PLM_KG,PLM_OUTSOURCE,PLM_C
164,164,LGACT-PART-005,Rear End Cap,PLM_SERVICE,DWG-LGACT-0164,MAT-LG-0164,PLM_D,Rear End Cap aviation manufacturing business record used for actuator quality traceability.,PLM_M,PLM_REPAIR,PLM_D
165,165,LGACT-PART-006,Seal Ring Assembly,PLM_MAKE,DWG-LGACT-0165,MAT-LG-0165,PLM_A,Seal Ring Assembly aviation manufacturing business record used for actuator quality traceability.,PLM_EA,PLM_MAKE,PLM_A
166,166,LGACT-PART-007,Trunnion Bushing,PLM_BUY,DWG-LGACT-0166,MAT-LG-0166,PLM_B,Trunnion Bushing aviation manufacturing business record used for actuator quality traceability.,PLM_SET,PLM_BUY,PLM_B
167,167,LGACT-PART-008,Spherical Bearing,PLM_ASSEMBLY,DWG-LGACT-0167,MAT-LG-0167,PLM_C,Spherical Bearing aviation manufacturing business record used for actuator quality traceability.,PLM_KG,PLM_OUTSOURCE,PLM_C
168,168,LGACT-PART-009,Throttle Connector,PLM_SERVICE,DWG-LGACT-0168,MAT-LG-0168,PLM_D,Throttle Connector aviation manufacturing business record used for actuator quality traceability.,PLM_M,PLM_REPAIR,PLM_D
169,169,LGACT-PART-010,Displacement Sensor Bracket,PLM_MAKE,DWG-LGACT-0169,MAT-LG-0169,PLM_A,Displacement Sensor Bracket aviation manufacturing business record used for actuator quality traceability.,PLM_EA,PLM_MAKE,PLM_A
170,170,LGACT-PART-011,Locking Nut,PLM_BUY,DWG-LGACT-0170,MAT-LG-0170,PLM_B,Locking Nut aviation manufacturing business record used for actuator quality traceability.,PLM_SET,PLM_BUY,PLM_B
171,171,LGACT-PART-012,Piston Rod Assembly,PLM_ASSEMBLY,DWG-LGACT-0171,MAT-LG-0171,PLM_C,Piston Rod Assembly aviation manufacturing business record used for actuator quality traceability.,PLM_KG,PLM_OUTSOURCE,PLM_C
172,172,LGACT-PART-013,Cylinder Barrel Assembly,PLM_SERVICE,DWG-LGACT-0172,MAT-LG-0172,PLM_D,Cylinder Barrel Assembly aviation manufacturing business record used for actuator quality traceability.,PLM_M,PLM_REPAIR,PLM_D
173,173,LGACT-PART-014,Front End Cap,PLM_MAKE,DWG-LGACT-0173,MAT-LG-0173,PLM_A,Front End Cap aviation manufacturing business record used for actuator quality traceability.,PLM_EA,PLM_MAKE,PLM_A
174,174,LGACT-PART-015,Rear End Cap,PLM_BUY,DWG-LGACT-0174,MAT-LG-0174,PLM_B,Rear End Cap aviation manufacturing business record used for actuator quality traceability.,PLM_SET,PLM_BUY,PLM_B
175,175,LGACT-PART-016,Seal Ring Assembly,PLM_ASSEMBLY,DWG-LGACT-0175,MAT-LG-0175,PLM_C,Seal Ring Assembly aviation manufacturing business record used for actuator quality traceability.,PLM_KG,PLM_OUTSOURCE,PLM_C
176,176,LGACT-PART-017,Trunnion Bushing,PLM_SERVICE,DWG-LGACT-0176,MAT-LG-0176,PLM_D,Trunnion Bushing aviation manufacturing business record used for actuator quality traceability.,PLM_M,PLM_REPAIR,PLM_D
177,177,LGACT-PART-018,Spherical Bearing,PLM_MAKE,DWG-LGACT-0177,MAT-LG-0177,PLM_A,Spherical Bearing aviation manufacturing business record used for actuator quality traceability.,PLM_EA,PLM_MAKE,PLM_A
178,178,LGACT-PART-019,Throttle Connector,PLM_BUY,DWG-LGACT-0178,MAT-LG-0178,PLM_B,Throttle Connector aviation manufacturing business record used for actuator quality traceability.,PLM_SET,PLM_BUY,PLM_B
179,179,LGACT-PART-020,Displacement Sensor Bracket,PLM_ASSEMBLY,DWG-LGACT-0179,MAT-LG-0179,PLM_C,Displacement Sensor Bracket aviation manufacturing business record used for actuator quality traceability.,PLM_KG,PLM_OUTSOURCE,PLM_C
180,180,LGACT-PART-001,Locking Nut,PLM_SERVICE,DWG-LGACT-0180,MAT-LG-0180,PLM_D,Locking Nut aviation manufacturing business record used for actuator quality traceability.,PLM_M,PLM_REPAIR,PLM_D
181,181,LGACT-PART-002,Piston Rod Assembly,PLM_MAKE,DWG-LGACT-0181,MAT-LG-0181,PLM_A,Piston Rod Assembly aviation manufacturing business record used for actuator quality traceability.,PLM_EA,PLM_MAKE,PLM_A
182,182,LGACT-PART-003,Cylinder Barrel Assembly,PLM_BUY,DWG-LGACT-0182,MAT-LG-0182,PLM_B,Cylinder Barrel Assembly aviation manufacturing business record used for actuator quality traceability.,PLM_SET,PLM_BUY,PLM_B
183,183,LGACT-PART-004,Front End Cap,PLM_ASSEMBLY,DWG-LGACT-0183,MAT-LG-0183,PLM_C,Front End Cap aviation manufacturing business record used for actuator quality traceability.,PLM_KG,PLM_OUTSOURCE,PLM_C
184,184,LGACT-PART-005,Rear End Cap,PLM_SERVICE,DWG-LGACT-0184,MAT-LG-0184,PLM_D,Rear End Cap aviation manufacturing business record used for actuator quality traceability.,PLM_M,PLM_REPAIR,PLM_D
185,185,LGACT-PART-006,Seal Ring Assembly,PLM_MAKE,DWG-LGACT-0185,MAT-LG-0185,PLM_A,Seal Ring Assembly aviation manufacturing business record used for actuator quality traceability.,PLM_EA,PLM_MAKE,PLM_A
186,186,LGACT-PART-007,Trunnion Bushing,PLM_BUY,DWG-LGACT-0186,MAT-LG-0186,PLM_B,Trunnion Bushing aviation manufacturing business record used for actuator quality traceability.,PLM_SET,PLM_BUY,PLM_B
187,187,LGACT-PART-008,Spherical Bearing,PLM_ASSEMBLY,DWG-LGACT-0187,MAT-LG-0187,PLM_C,Spherical Bearing aviation manufacturing business record used for actuator quality traceability.,PLM_KG,PLM_OUTSOURCE,PLM_C
188,188,LGACT-PART-009,Throttle Connector,PLM_SERVICE,DWG-LGACT-0188,MAT-LG-0188,PLM_D,Throttle Connector aviation manufacturing business record used for actuator quality traceability.,PLM_M,PLM_REPAIR,PLM_D
189,189,LGACT-PART-010,Displacement Sensor Bracket,PLM_MAKE,DWG-LGACT-0189,MAT-LG-0189,PLM_A,Displacement Sensor Bracket aviation manufacturing business record used for actuator quality traceability.,PLM_EA,PLM_MAKE,PLM_A
190,190,LGACT-PART-011,Locking Nut,PLM_BUY,DWG-LGACT-0190,MAT-LG-0190,PLM_B,Locking Nut aviation manufacturing business record used for actuator quality traceability.,PLM_SET,PLM_BUY,PLM_B
191,191,LGACT-PART-012,Piston Rod Assembly,PLM_ASSEMBLY,DWG-LGACT-0191,MAT-LG-0191,PLM_C,Piston Rod Assembly aviation manufacturing business record used for actuator quality traceability.,PLM_KG,PLM_OUTSOURCE,PLM_C
192,192,LGACT-PART-013,Cylinder Barrel Assembly,PLM_SERVICE,DWG-LGACT-0192,MAT-LG-0192,PLM_D,Cylinder Barrel Assembly aviation manufacturing business record used for actuator quality traceability.,PLM_M,PLM_REPAIR,PLM_D
193,193,LGACT-PART-014,Front End Cap,PLM_MAKE,DWG-LGACT-0193,MAT-LG-0193,PLM_A,Front End Cap aviation manufacturing business record used for actuator quality traceability.,PLM_EA,PLM_MAKE,PLM_A
194,194,LGACT-PART-015,Rear End Cap,PLM_BUY,DWG-LGACT-0194,MAT-LG-0194,PLM_B,Rear End Cap aviation manufacturing business record used for actuator quality traceability.,PLM_SET,PLM_BUY,PLM_B
195,195,LGACT-PART-016,Seal Ring Assembly,PLM_ASSEMBLY,DWG-LGACT-0195,MAT-LG-0195,PLM_C,Seal Ring Assembly aviation manufacturing business record used for actuator quality traceability.,PLM_KG,PLM_OUTSOURCE,PLM_C
196,196,LGACT-PART-017,Trunnion Bushing,PLM_SERVICE,DWG-LGACT-0196,MAT-LG-0196,PLM_D,Trunnion Bushing aviation manufacturing business record used for actuator quality traceability.,PLM_M,PLM_REPAIR,PLM_D
197,197,LGACT-PART-018,Spherical Bearing,PLM_MAKE,DWG-LGACT-0197,MAT-LG-0197,PLM_A,Spherical Bearing aviation manufacturing business record used for actuator quality traceability.,PLM_EA,PLM_MAKE,PLM_A
198,198,LGACT-PART-019,Throttle Connector,PLM_BUY,DWG-LGACT-0198,MAT-LG-0198,PLM_B,Throttle Connector aviation manufacturing business record used for actuator quality traceability.,PLM_SET,PLM_BUY,PLM_B
199,199,LGACT-PART-020,Displacement Sensor Bracket,PLM_ASSEMBLY,DWG-LGACT-0199,MAT-LG-0199,PLM_C,Displacement Sensor Bracket aviation manufacturing business record used for actuator quality traceability.,PLM_KG,PLM_OUTSOURCE,PLM_C
200,200,LGACT-PART-001,Locking Nut,PLM_SERVICE,DWG-LGACT-0200,MAT-LG-0200,PLM_D,Locking Nut aviation manufacturing business record used for actuator quality traceability.,PLM_M,PLM_REPAIR,PLM_D
