defect_log_id,inspection_doc_id,quality_event_doc_id,component_serial_no,part_serial_no,work_order_no,op_no,defect_code,defect_name,defect_position_text,severity_code,failure_desc,find_dept_code,find_dept_name
1,1,1,LGACT-2026-0001,PIN-2026-0001,WO-LG-2026-0001,OP020,DEF-HYD-02,Chrome Plating Scratch on Piston Rod,Chrome Plating Scratch on Piston Rod involving Piston Rod Assembly; review and disposition are required according to the nonconformance process.,QMS_SEV_MINOR,Chrome Plating Scratch on Piston Rod involving Piston Rod Assembly; review and disposition are required according to the nonconformance process.,DEPT-QA-02,Quality Management Department
2,2,2,LGACT-2026-0002,PIN-2026-0002,WO-LG-2026-0002,OP030,DEF-HYD-03,Seal Ring Compression Damage,Seal Ring Compression Damage involving Cylinder Barrel Assembly; review and disposition are required according to the nonconformance process.,QMS_SEV_MAJOR,Seal Ring Compression Damage involving Cylinder Barrel Assembly; review and disposition are required according to the nonconformance process.,DEPT-QA-03,Hydraulic Assembly Workshop
3,3,3,LGACT-2026-0003,PIN-2026-0003,WO-LG-2026-0003,OP040,DEF-HYD-04,Scratch on Cylinder Barrel Inner Wall,Scratch on Cylinder Barrel Inner Wall involving Front End Cap; review and disposition are required according to the nonconformance process.,QMS_SEV_CRITICAL,Scratch on Cylinder Barrel Inner Wall involving Front End Cap; review and disposition are required according to the nonconformance process.,DEPT-QA-04,Precision Machining Workshop
4,4,4,LGACT-2026-0004,PIN-2026-0004,WO-LG-2026-0004,OP050,DEF-HYD-05,Pressure Holding Leakage Rate Out of Tolerance,Pressure Holding Leakage Rate Out of Tolerance involving Rear End Cap; review and disposition are required according to the nonconformance process.,QMS_SEV_WARN,Pressure Holding Leakage Rate Out of Tolerance involving Rear End Cap; review and disposition are required according to the nonconformance process.,DEPT-QA-05,Outsourcing Quality Office
5,5,5,LGACT-2026-0005,PIN-2026-0005,WO-LG-2026-0005,OP060,DEF-HYD-06,Actuation Hysteresis,Actuation Hysteresis involving Seal Ring Assembly; review and disposition are required according to the nonconformance process.,QMS_SEV_MINOR,Actuation Hysteresis involving Seal Ring Assembly; review and disposition are required according to the nonconformance process.,DEPT-QA-06,Aviation Materials Procurement Department
6,6,6,LGACT-2026-0006,PIN-2026-0006,WO-LG-2026-0006,OP070,DEF-HYD-07,Minor Leakage at Hydraulic Fitting,Minor Leakage at Hydraulic Fitting involving Trunnion Bushing; review and disposition are required according to the nonconformance process.,QMS_SEV_MAJOR,Minor Leakage at Hydraulic Fitting involving Trunnion Bushing; review and disposition are required according to the nonconformance process.,DEPT-QA-01,Field Support Department
7,7,7,LGACT-2026-0007,PIN-2026-0007,WO-LG-2026-0007,OP080,DEF-HYD-08,Excessive Trunnion Bushing Clearance,Excessive Trunnion Bushing Clearance involving Spherical Bearing; review and disposition are required according to the nonconformance process.,QMS_SEV_CRITICAL,Excessive Trunnion Bushing Clearance involving Spherical Bearing; review and disposition are required according to the nonconformance process.,DEPT-QA-02,Quality Management Department
8,8,8,LGACT-2026-0008,PIN-2026-0008,WO-LG-2026-0008,OP010,DEF-HYD-09,Loose Displacement Sensor Bracket,Loose Displacement Sensor Bracket involving Throttle Connector; review and disposition are required according to the nonconformance process.,QMS_SEV_WARN,Loose Displacement Sensor Bracket involving Throttle Connector; review and disposition are required according to the nonconformance process.,DEPT-QA-03,Hydraulic Assembly Workshop
9,9,9,LGACT-2026-0009,PIN-2026-0009,WO-LG-2026-0009,OP020,DEF-HYD-01,Chrome Plating Scratch on Piston Rod,Chrome Plating Scratch on Piston Rod involving Displacement Sensor Bracket; review and disposition are required according to the nonconformance process.,QMS_SEV_MINOR,Chrome Plating Scratch on Piston Rod involving Displacement Sensor Bracket; review and disposition are required according to the nonconformance process.,DEPT-QA-04,Precision Machining Workshop
10,10,10,LGACT-2026-0010,PIN-2026-0010,WO-LG-2026-0010,OP030,DEF-HYD-02,Seal Ring Compression Damage,Seal Ring Compression Damage involving Locking Nut; review and disposition are required according to the nonconformance process.,QMS_SEV_MAJOR,Seal Ring Compression Damage involving Locking Nut; review and disposition are required according to the nonconformance process.,DEPT-QA-05,Outsourcing Quality Office
11,11,11,LGACT-2026-0011,PIN-2026-0011,WO-LG-2026-0011,OP040,DEF-HYD-03,Scratch on Cylinder Barrel Inner Wall,Scratch on Cylinder Barrel Inner Wall involving Piston Rod Assembly; review and disposition are required according to the nonconformance process.,QMS_SEV_CRITICAL,Scratch on Cylinder Barrel Inner Wall involving Piston Rod Assembly; review and disposition are required according to the nonconformance process.,DEPT-QA-06,Aviation Materials Procurement Department
12,12,12,LGACT-2026-0012,PIN-2026-0012,WO-LG-2026-0012,OP050,DEF-HYD-04,Pressure Holding Leakage Rate Out of Tolerance,Pressure Holding Leakage Rate Out of Tolerance involving Cylinder Barrel Assembly; review and disposition are required according to the nonconformance process.,QMS_SEV_WARN,Pressure Holding Leakage Rate Out of Tolerance involving Cylinder Barrel Assembly; review and disposition are required according to the nonconformance process.,DEPT-QA-01,Field Support Department
13,13,13,LGACT-2026-0013,PIN-2026-0013,WO-LG-2026-0013,OP060,DEF-HYD-05,Actuation Hysteresis,Actuation Hysteresis involving Front End Cap; review and disposition are required according to the nonconformance process.,QMS_SEV_MINOR,Actuation Hysteresis involving Front End Cap; review and disposition are required according to the nonconformance process.,DEPT-QA-02,Quality Management Department
14,14,14,LGACT-2026-0014,PIN-2026-0014,WO-LG-2026-0014,OP070,DEF-HYD-06,Minor Leakage at Hydraulic Fitting,Minor Leakage at Hydraulic Fitting involving Rear End Cap; review and disposition are required according to the nonconformance process.,QMS_SEV_MAJOR,Minor Leakage at Hydraulic Fitting involving Rear End Cap; review and disposition are required according to the nonconformance process.,DEPT-QA-03,Hydraulic Assembly Workshop
15,15,15,LGACT-2026-0015,PIN-2026-0015,WO-LG-2026-0015,OP080,DEF-HYD-07,Excessive Trunnion Bushing Clearance,Excessive Trunnion Bushing Clearance involving Seal Ring Assembly; review and disposition are required according to the nonconformance process.,QMS_SEV_CRITICAL,Excessive Trunnion Bushing Clearance involving Seal Ring Assembly; review and disposition are required according to the nonconformance process.,DEPT-QA-04,Precision Machining Workshop
16,16,16,LGACT-2026-0016,PIN-2026-0016,WO-LG-2026-0016,OP010,DEF-HYD-08,Loose Displacement Sensor Bracket,Loose Displacement Sensor Bracket involving Trunnion Bushing; review and disposition are required according to the nonconformance process.,QMS_SEV_WARN,Loose Displacement Sensor Bracket involving Trunnion Bushing; review and disposition are required according to the nonconformance process.,DEPT-QA-05,Outsourcing Quality Office
17,17,17,LGACT-2026-0017,PIN-2026-0017,WO-LG-2026-0017,OP020,DEF-HYD-09,Chrome Plating Scratch on Piston Rod,Chrome Plating Scratch on Piston Rod involving Spherical Bearing; review and disposition are required according to the nonconformance process.,QMS_SEV_MINOR,Chrome Plating Scratch on Piston Rod involving Spherical Bearing; review and disposition are required according to the nonconformance process.,DEPT-QA-06,Aviation Materials Procurement Department
18,18,18,LGACT-2026-0018,PIN-2026-0018,WO-LG-2026-0018,OP030,DEF-HYD-01,Seal Ring Compression Damage,Seal Ring Compression Damage involving Throttle Connector; review and disposition are required according to the nonconformance process.,QMS_SEV_MAJOR,Seal Ring Compression Damage involving Throttle Connector; review and disposition are required according to the nonconformance process.,DEPT-QA-01,Field Support Department
19,19,19,LGACT-2026-0019,PIN-2026-0019,WO-LG-2026-0019,OP040,DEF-HYD-02,Scratch on Cylinder Barrel Inner Wall,Scratch on Cylinder Barrel Inner Wall involving Displacement Sensor Bracket; review and disposition are required according to the nonconformance process.,QMS_SEV_CRITICAL,Scratch on Cylinder Barrel Inner Wall involving Displacement Sensor Bracket; review and disposition are required according to the nonconformance process.,DEPT-QA-02,Quality Management Department
20,20,20,LGACT-2026-0020,PIN-2026-0020,WO-LG-2026-0020,OP050,DEF-HYD-03,Pressure Holding Leakage Rate Out of Tolerance,Pressure Holding Leakage Rate Out of Tolerance involving Locking Nut; review and disposition are required according to the nonconformance process.,QMS_SEV_WARN,Pressure Holding Leakage Rate Out of Tolerance involving Locking Nut; review and disposition are required according to the nonconformance process.,DEPT-QA-03,Hydraulic Assembly Workshop
21,21,21,LGACT-2026-0021,PIN-2026-0021,WO-LG-2026-0021,OP060,DEF-HYD-04,Actuation Hysteresis,Actuation Hysteresis involving Piston Rod Assembly; review and disposition are required according to the nonconformance process.,QMS_SEV_MINOR,Actuation Hysteresis involving Piston Rod Assembly; review and disposition are required according to the nonconformance process.,DEPT-QA-04,Precision Machining Workshop
22,22,22,LGACT-2026-0022,PIN-2026-0022,WO-LG-2026-0022,OP070,DEF-HYD-05,Minor Leakage at Hydraulic Fitting,Minor Leakage at Hydraulic Fitting involving Cylinder Barrel Assembly; review and disposition are required according to the nonconformance process.,QMS_SEV_MAJOR,Minor Leakage at Hydraulic Fitting involving Cylinder Barrel Assembly; review and disposition are required according to the nonconformance process.,DEPT-QA-05,Outsourcing Quality Office
23,23,23,LGACT-2026-0023,PIN-2026-0023,WO-LG-2026-0023,OP080,DEF-HYD-06,Excessive Trunnion Bushing Clearance,Excessive Trunnion Bushing Clearance involving Front End Cap; review and disposition are required according to the nonconformance process.,QMS_SEV_CRITICAL,Excessive Trunnion Bushing Clearance involving Front End Cap; review and disposition are required according to the nonconformance process.,DEPT-QA-06,Aviation Materials Procurement Department
24,24,24,LGACT-2026-0024,PIN-2026-0024,WO-LG-2026-0024,OP010,DEF-HYD-07,Loose Displacement Sensor Bracket,Loose Displacement Sensor Bracket involving Rear End Cap; review and disposition are required according to the nonconformance process.,QMS_SEV_WARN,Loose Displacement Sensor Bracket involving Rear End Cap; review and disposition are required according to the nonconformance process.,DEPT-QA-01,Field Support Department
25,25,25,LGACT-2026-0025,PIN-2026-0025,WO-LG-2026-0025,OP020,DEF-HYD-08,Chrome Plating Scratch on Piston Rod,Chrome Plating Scratch on Piston Rod involving Seal Ring Assembly; review and disposition are required according to the nonconformance process.,QMS_SEV_MINOR,Chrome Plating Scratch on Piston Rod involving Seal Ring Assembly; review and disposition are required according to the nonconformance process.,DEPT-QA-02,Quality Management Department
26,26,26,LGACT-2026-0026,PIN-2026-0026,WO-LG-2026-0026,OP030,DEF-HYD-09,Seal Ring Compression Damage,Seal Ring Compression Damage involving Trunnion Bushing; review and disposition are required according to the nonconformance process.,QMS_SEV_MAJOR,Seal Ring Compression Damage involving Trunnion Bushing; review and disposition are required according to the nonconformance process.,DEPT-QA-03,Hydraulic Assembly Workshop
27,27,27,LGACT-2026-0027,PIN-2026-0027,WO-LG-2026-0027,OP040,DEF-HYD-01,Scratch on Cylinder Barrel Inner Wall,Scratch on Cylinder Barrel Inner Wall involving Spherical Bearing; review and disposition are required according to the nonconformance process.,QMS_SEV_CRITICAL,Scratch on Cylinder Barrel Inner Wall involving Spherical Bearing; review and disposition are required according to the nonconformance process.,DEPT-QA-04,Precision Machining Workshop
28,28,28,LGACT-2026-0028,PIN-2026-0028,WO-LG-2026-0028,OP050,DEF-HYD-02,Pressure Holding Leakage Rate Out of Tolerance,Pressure Holding Leakage Rate Out of Tolerance involving Throttle Connector; review and disposition are required according to the nonconformance process.,QMS_SEV_WARN,Pressure Holding Leakage Rate Out of Tolerance involving Throttle Connector; review and disposition are required according to the nonconformance process.,DEPT-QA-05,Outsourcing Quality Office
29,29,29,LGACT-2026-0029,PIN-2026-0029,WO-LG-2026-0029,OP060,DEF-HYD-03,Actuation Hysteresis,Actuation Hysteresis involving Displacement Sensor Bracket; review and disposition are required according to the nonconformance process.,QMS_SEV_MINOR,Actuation Hysteresis involving Displacement Sensor Bracket; review and disposition are required according to the nonconformance process.,DEPT-QA-06,Aviation Materials Procurement Department
30,30,30,LGACT-2026-0030,PIN-2026-0030,WO-LG-2026-0030,OP070,DEF-HYD-04,Minor Leakage at Hydraulic Fitting,Minor Leakage at Hydraulic Fitting involving Locking Nut; review and disposition are required according to the nonconformance process.,QMS_SEV_MAJOR,Minor Leakage at Hydraulic Fitting involving Locking Nut; review and disposition are required according to the nonconformance process.,DEPT-QA-01,Field Support Department
31,31,31,LGACT-2026-0031,PIN-2026-0031,WO-LG-2026-0031,OP080,DEF-HYD-05,Excessive Trunnion Bushing Clearance,Excessive Trunnion Bushing Clearance involving Piston Rod Assembly; review and disposition are required according to the nonconformance process.,QMS_SEV_CRITICAL,Excessive Trunnion Bushing Clearance involving Piston Rod Assembly; review and disposition are required according to the nonconformance process.,DEPT-QA-02,Quality Management Department
32,32,32,LGACT-2026-0032,PIN-2026-0032,WO-LG-2026-0032,OP010,DEF-HYD-06,Loose Displacement Sensor Bracket,Loose Displacement Sensor Bracket involving Cylinder Barrel Assembly; review and disposition are required according to the nonconformance process.,QMS_SEV_WARN,Loose Displacement Sensor Bracket involving Cylinder Barrel Assembly; review and disposition are required according to the nonconformance process.,DEPT-QA-03,Hydraulic Assembly Workshop
33,33,33,LGACT-2026-0033,PIN-2026-0033,WO-LG-2026-0033,OP020,DEF-HYD-07,Chrome Plating Scratch on Piston Rod,Chrome Plating Scratch on Piston Rod involving Front End Cap; review and disposition are required according to the nonconformance process.,QMS_SEV_MINOR,Chrome Plating Scratch on Piston Rod involving Front End Cap; review and disposition are required according to the nonconformance process.,DEPT-QA-04,Precision Machining Workshop
34,34,34,LGACT-2026-0034,PIN-2026-0034,WO-LG-2026-0034,OP030,DEF-HYD-08,Seal Ring Compression Damage,Seal Ring Compression Damage involving Rear End Cap; review and disposition are required according to the nonconformance process.,QMS_SEV_MAJOR,Seal Ring Compression Damage involving Rear End Cap; review and disposition are required according to the nonconformance process.,DEPT-QA-05,Outsourcing Quality Office
35,35,35,LGACT-2026-0035,PIN-2026-0035,WO-LG-2026-0035,OP040,DEF-HYD-09,Scratch on Cylinder Barrel Inner Wall,Scratch on Cylinder Barrel Inner Wall involving Seal Ring Assembly; review and disposition are required according to the nonconformance process.,QMS_SEV_CRITICAL,Scratch on Cylinder Barrel Inner Wall involving Seal Ring Assembly; review and disposition are required according to the nonconformance process.,DEPT-QA-06,Aviation Materials Procurement Department
36,36,36,LGACT-2026-0036,PIN-2026-0036,WO-LG-2026-0036,OP050,DEF-HYD-01,Pressure Holding Leakage Rate Out of Tolerance,Pressure Holding Leakage Rate Out of Tolerance involving Trunnion Bushing; review and disposition are required according to the nonconformance process.,QMS_SEV_WARN,Pressure Holding Leakage Rate Out of Tolerance involving Trunnion Bushing; review and disposition are required according to the nonconformance process.,DEPT-QA-01,Field Support Department
37,37,37,LGACT-2026-0037,PIN-2026-0037,WO-LG-2026-0037,OP060,DEF-HYD-02,Actuation Hysteresis,Actuation Hysteresis involving Spherical Bearing; review and disposition are required according to the nonconformance process.,QMS_SEV_MINOR,Actuation Hysteresis involving Spherical Bearing; review and disposition are required according to the nonconformance process.,DEPT-QA-02,Quality Management Department
38,38,38,LGACT-2026-0038,PIN-2026-0038,WO-LG-2026-0038,OP070,DEF-HYD-03,Minor Leakage at Hydraulic Fitting,Minor Leakage at Hydraulic Fitting involving Throttle Connector; review and disposition are required according to the nonconformance process.,QMS_SEV_MAJOR,Minor Leakage at Hydraulic Fitting involving Throttle Connector; review and disposition are required according to the nonconformance process.,DEPT-QA-03,Hydraulic Assembly Workshop
39,39,39,LGACT-2026-0039,PIN-2026-0039,WO-LG-2026-0039,OP080,DEF-HYD-04,Excessive Trunnion Bushing Clearance,Excessive Trunnion Bushing Clearance involving Displacement Sensor Bracket; review and disposition are required according to the nonconformance process.,QMS_SEV_CRITICAL,Excessive Trunnion Bushing Clearance involving Displacement Sensor Bracket; review and disposition are required according to the nonconformance process.,DEPT-QA-04,Precision Machining Workshop
40,40,40,LGACT-2026-0040,PIN-2026-0040,WO-LG-2026-0040,OP010,DEF-HYD-05,Loose Displacement Sensor Bracket,Loose Displacement Sensor Bracket involving Locking Nut; review and disposition are required according to the nonconformance process.,QMS_SEV_WARN,Loose Displacement Sensor Bracket involving Locking Nut; review and disposition are required according to the nonconformance process.,DEPT-QA-05,Outsourcing Quality Office
41,41,41,LGACT-2026-0041,PIN-2026-0041,WO-LG-2026-0041,OP020,DEF-HYD-06,Chrome Plating Scratch on Piston Rod,Chrome Plating Scratch on Piston Rod involving Piston Rod Assembly; review and disposition are required according to the nonconformance process.,QMS_SEV_MINOR,Chrome Plating Scratch on Piston Rod involving Piston Rod Assembly; review and disposition are required according to the nonconformance process.,DEPT-QA-06,Aviation Materials Procurement Department
42,42,42,LGACT-2026-0042,PIN-2026-0042,WO-LG-2026-0042,OP030,DEF-HYD-07,Seal Ring Compression Damage,Seal Ring Compression Damage involving Cylinder Barrel Assembly; review and disposition are required according to the nonconformance process.,QMS_SEV_MAJOR,Seal Ring Compression Damage involving Cylinder Barrel Assembly; review and disposition are required according to the nonconformance process.,DEPT-QA-01,Field Support Department
43,43,43,LGACT-2026-0043,PIN-2026-0043,WO-LG-2026-0043,OP040,DEF-HYD-08,Scratch on Cylinder Barrel Inner Wall,Scratch on Cylinder Barrel Inner Wall involving Front End Cap; review and disposition are required according to the nonconformance process.,QMS_SEV_CRITICAL,Scratch on Cylinder Barrel Inner Wall involving Front End Cap; review and disposition are required according to the nonconformance process.,DEPT-QA-02,Quality Management Department
44,44,44,LGACT-2026-0044,PIN-2026-0044,WO-LG-2026-0044,OP050,DEF-HYD-09,Pressure Holding Leakage Rate Out of Tolerance,Pressure Holding Leakage Rate Out of Tolerance involving Rear End Cap; review and disposition are required according to the nonconformance process.,QMS_SEV_WARN,Pressure Holding Leakage Rate Out of Tolerance involving Rear End Cap; review and disposition are required according to the nonconformance process.,DEPT-QA-03,Hydraulic Assembly Workshop
45,45,45,LGACT-2026-0045,PIN-2026-0045,WO-LG-2026-0045,OP060,DEF-HYD-01,Actuation Hysteresis,Actuation Hysteresis involving Seal Ring Assembly; review and disposition are required according to the nonconformance process.,QMS_SEV_MINOR,Actuation Hysteresis involving Seal Ring Assembly; review and disposition are required according to the nonconformance process.,DEPT-QA-04,Precision Machining Workshop
46,46,46,LGACT-2026-0046,PIN-2026-0046,WO-LG-2026-0046,OP070,DEF-HYD-02,Minor Leakage at Hydraulic Fitting,Minor Leakage at Hydraulic Fitting involving Trunnion Bushing; review and disposition are required according to the nonconformance process.,QMS_SEV_MAJOR,Minor Leakage at Hydraulic Fitting involving Trunnion Bushing; review and disposition are required according to the nonconformance process.,DEPT-QA-05,Outsourcing Quality Office
47,47,47,LGACT-2026-0047,PIN-2026-0047,WO-LG-2026-0047,OP080,DEF-HYD-03,Excessive Trunnion Bushing Clearance,Excessive Trunnion Bushing Clearance involving Spherical Bearing; review and disposition are required according to the nonconformance process.,QMS_SEV_CRITICAL,Excessive Trunnion Bushing Clearance involving Spherical Bearing; review and disposition are required according to the nonconformance process.,DEPT-QA-06,Aviation Materials Procurement Department
48,48,48,LGACT-2026-0048,PIN-2026-0048,WO-LG-2026-0048,OP010,DEF-HYD-04,Loose Displacement Sensor Bracket,Loose Displacement Sensor Bracket involving Throttle Connector; review and disposition are required according to the nonconformance process.,QMS_SEV_WARN,Loose Displacement Sensor Bracket involving Throttle Connector; review and disposition are required according to the nonconformance process.,DEPT-QA-01,Field Support Department
49,49,49,LGACT-2026-0049,PIN-2026-0049,WO-LG-2026-0049,OP020,DEF-HYD-05,Chrome Plating Scratch on Piston Rod,Chrome Plating Scratch on Piston Rod involving Displacement Sensor Bracket; review and disposition are required according to the nonconformance process.,QMS_SEV_MINOR,Chrome Plating Scratch on Piston Rod involving Displacement Sensor Bracket; review and disposition are required according to the nonconformance process.,DEPT-QA-02,Quality Management Department
50,50,50,LGACT-2026-0050,PIN-2026-0050,WO-LG-2026-0050,OP030,DEF-HYD-06,Seal Ring Compression Damage,Seal Ring Compression Damage involving Locking Nut; review and disposition are required according to the nonconformance process.,QMS_SEV_MAJOR,Seal Ring Compression Damage involving Locking Nut; review and disposition are required according to the nonconformance process.,DEPT-QA-03,Hydraulic Assembly Workshop
51,51,51,LGACT-2026-0051,PIN-2026-0051,WO-LG-2026-0051,OP040,DEF-HYD-07,Scratch on Cylinder Barrel Inner Wall,Scratch on Cylinder Barrel Inner Wall involving Piston Rod Assembly; review and disposition are required according to the nonconformance process.,QMS_SEV_CRITICAL,Scratch on Cylinder Barrel Inner Wall involving Piston Rod Assembly; review and disposition are required according to the nonconformance process.,DEPT-QA-04,Precision Machining Workshop
52,52,52,LGACT-2026-0052,PIN-2026-0052,WO-LG-2026-0052,OP050,DEF-HYD-08,Pressure Holding Leakage Rate Out of Tolerance,Pressure Holding Leakage Rate Out of Tolerance involving Cylinder Barrel Assembly; review and disposition are required according to the nonconformance process.,QMS_SEV_WARN,Pressure Holding Leakage Rate Out of Tolerance involving Cylinder Barrel Assembly; review and disposition are required according to the nonconformance process.,DEPT-QA-05,Outsourcing Quality Office
53,53,53,LGACT-2026-0053,PIN-2026-0053,WO-LG-2026-0053,OP060,DEF-HYD-09,Actuation Hysteresis,Actuation Hysteresis involving Front End Cap; review and disposition are required according to the nonconformance process.,QMS_SEV_MINOR,Actuation Hysteresis involving Front End Cap; review and disposition are required according to the nonconformance process.,DEPT-QA-06,Aviation Materials Procurement Department
54,54,54,LGACT-2026-0054,PIN-2026-0054,WO-LG-2026-0054,OP070,DEF-HYD-01,Minor Leakage at Hydraulic Fitting,Minor Leakage at Hydraulic Fitting involving Rear End Cap; review and disposition are required according to the nonconformance process.,QMS_SEV_MAJOR,Minor Leakage at Hydraulic Fitting involving Rear End Cap; review and disposition are required according to the nonconformance process.,DEPT-QA-01,Field Support Department
55,55,55,LGACT-2026-0055,PIN-2026-0055,WO-LG-2026-0055,OP080,DEF-HYD-02,Excessive Trunnion Bushing Clearance,Excessive Trunnion Bushing Clearance involving Seal Ring Assembly; review and disposition are required according to the nonconformance process.,QMS_SEV_CRITICAL,Excessive Trunnion Bushing Clearance involving Seal Ring Assembly; review and disposition are required according to the nonconformance process.,DEPT-QA-02,Quality Management Department
56,56,56,LGACT-2026-0056,PIN-2026-0056,WO-LG-2026-0056,OP010,DEF-HYD-03,Loose Displacement Sensor Bracket,Loose Displacement Sensor Bracket involving Trunnion Bushing; review and disposition are required according to the nonconformance process.,QMS_SEV_WARN,Loose Displacement Sensor Bracket involving Trunnion Bushing; review and disposition are required according to the nonconformance process.,DEPT-QA-03,Hydraulic Assembly Workshop
57,57,57,LGACT-2026-0057,PIN-2026-0057,WO-LG-2026-0057,OP020,DEF-HYD-04,Chrome Plating Scratch on Piston Rod,Chrome Plating Scratch on Piston Rod involving Spherical Bearing; review and disposition are required according to the nonconformance process.,QMS_SEV_MINOR,Chrome Plating Scratch on Piston Rod involving Spherical Bearing; review and disposition are required according to the nonconformance process.,DEPT-QA-04,Precision Machining Workshop
58,58,58,LGACT-2026-0058,PIN-2026-0058,WO-LG-2026-0058,OP030,DEF-HYD-05,Seal Ring Compression Damage,Seal Ring Compression Damage involving Throttle Connector; review and disposition are required according to the nonconformance process.,QMS_SEV_MAJOR,Seal Ring Compression Damage involving Throttle Connector; review and disposition are required according to the nonconformance process.,DEPT-QA-05,Outsourcing Quality Office
59,59,59,LGACT-2026-0059,PIN-2026-0059,WO-LG-2026-0059,OP040,DEF-HYD-06,Scratch on Cylinder Barrel Inner Wall,Scratch on Cylinder Barrel Inner Wall involving Displacement Sensor Bracket; review and disposition are required according to the nonconformance process.,QMS_SEV_CRITICAL,Scratch on Cylinder Barrel Inner Wall involving Displacement Sensor Bracket; review and disposition are required according to the nonconformance process.,DEPT-QA-06,Aviation Materials Procurement Department
60,60,60,LGACT-2026-0060,PIN-2026-0060,WO-LG-2026-0060,OP050,DEF-HYD-07,Pressure Holding Leakage Rate Out of Tolerance,Pressure Holding Leakage Rate Out of Tolerance involving Locking Nut; review and disposition are required according to the nonconformance process.,QMS_SEV_WARN,Pressure Holding Leakage Rate Out of Tolerance involving Locking Nut; review and disposition are required according to the nonconformance process.,DEPT-QA-01,Field Support Department
61,61,61,LGACT-2026-0061,PIN-2026-0061,WO-LG-2026-0061,OP060,DEF-HYD-08,Actuation Hysteresis,Actuation Hysteresis involving Piston Rod Assembly; review and disposition are required according to the nonconformance process.,QMS_SEV_MINOR,Actuation Hysteresis involving Piston Rod Assembly; review and disposition are required according to the nonconformance process.,DEPT-QA-02,Quality Management Department
62,62,62,LGACT-2026-0062,PIN-2026-0062,WO-LG-2026-0062,OP070,DEF-HYD-09,Minor Leakage at Hydraulic Fitting,Minor Leakage at Hydraulic Fitting involving Cylinder Barrel Assembly; review and disposition are required according to the nonconformance process.,QMS_SEV_MAJOR,Minor Leakage at Hydraulic Fitting involving Cylinder Barrel Assembly; review and disposition are required according to the nonconformance process.,DEPT-QA-03,Hydraulic Assembly Workshop
63,63,63,LGACT-2026-0063,PIN-2026-0063,WO-LG-2026-0063,OP080,DEF-HYD-01,Excessive Trunnion Bushing Clearance,Excessive Trunnion Bushing Clearance involving Front End Cap; review and disposition are required according to the nonconformance process.,QMS_SEV_CRITICAL,Excessive Trunnion Bushing Clearance involving Front End Cap; review and disposition are required according to the nonconformance process.,DEPT-QA-04,Precision Machining Workshop
64,64,64,LGACT-2026-0064,PIN-2026-0064,WO-LG-2026-0064,OP010,DEF-HYD-02,Loose Displacement Sensor Bracket,Loose Displacement Sensor Bracket involving Rear End Cap; review and disposition are required according to the nonconformance process.,QMS_SEV_WARN,Loose Displacement Sensor Bracket involving Rear End Cap; review and disposition are required according to the nonconformance process.,DEPT-QA-05,Outsourcing Quality Office
65,65,65,LGACT-2026-0065,PIN-2026-0065,WO-LG-2026-0065,OP020,DEF-HYD-03,Chrome Plating Scratch on Piston Rod,Chrome Plating Scratch on Piston Rod involving Seal Ring Assembly; review and disposition are required according to the nonconformance process.,QMS_SEV_MINOR,Chrome Plating Scratch on Piston Rod involving Seal Ring Assembly; review and disposition are required according to the nonconformance process.,DEPT-QA-06,Aviation Materials Procurement Department
66,66,66,LGACT-2026-0066,PIN-2026-0066,WO-LG-2026-0066,OP030,DEF-HYD-04,Seal Ring Compression Damage,Seal Ring Compression Damage involving Trunnion Bushing; review and disposition are required according to the nonconformance process.,QMS_SEV_MAJOR,Seal Ring Compression Damage involving Trunnion Bushing; review and disposition are required according to the nonconformance process.,DEPT-QA-01,Field Support Department
67,67,67,LGACT-2026-0067,PIN-2026-0067,WO-LG-2026-0067,OP040,DEF-HYD-05,Scratch on Cylinder Barrel Inner Wall,Scratch on Cylinder Barrel Inner Wall involving Spherical Bearing; review and disposition are required according to the nonconformance process.,QMS_SEV_CRITICAL,Scratch on Cylinder Barrel Inner Wall involving Spherical Bearing; review and disposition are required according to the nonconformance process.,DEPT-QA-02,Quality Management Department
68,68,68,LGACT-2026-0068,PIN-2026-0068,WO-LG-2026-0068,OP050,DEF-HYD-06,Pressure Holding Leakage Rate Out of Tolerance,Pressure Holding Leakage Rate Out of Tolerance involving Throttle Connector; review and disposition are required according to the nonconformance process.,QMS_SEV_WARN,Pressure Holding Leakage Rate Out of Tolerance involving Throttle Connector; review and disposition are required according to the nonconformance process.,DEPT-QA-03,Hydraulic Assembly Workshop
69,69,69,LGACT-2026-0069,PIN-2026-0069,WO-LG-2026-0069,OP060,DEF-HYD-07,Actuation Hysteresis,Actuation Hysteresis involving Displacement Sensor Bracket; review and disposition are required according to the nonconformance process.,QMS_SEV_MINOR,Actuation Hysteresis involving Displacement Sensor Bracket; review and disposition are required according to the nonconformance process.,DEPT-QA-04,Precision Machining Workshop
70,70,70,LGACT-2026-0070,PIN-2026-0070,WO-LG-2026-0070,OP070,DEF-HYD-08,Minor Leakage at Hydraulic Fitting,Minor Leakage at Hydraulic Fitting involving Locking Nut; review and disposition are required according to the nonconformance process.,QMS_SEV_MAJOR,Minor Leakage at Hydraulic Fitting involving Locking Nut; review and disposition are required according to the nonconformance process.,DEPT-QA-05,Outsourcing Quality Office
71,71,71,LGACT-2026-0071,PIN-2026-0071,WO-LG-2026-0071,OP080,DEF-HYD-09,Excessive Trunnion Bushing Clearance,Excessive Trunnion Bushing Clearance involving Piston Rod Assembly; review and disposition are required according to the nonconformance process.,QMS_SEV_CRITICAL,Excessive Trunnion Bushing Clearance involving Piston Rod Assembly; review and disposition are required according to the nonconformance process.,DEPT-QA-06,Aviation Materials Procurement Department
72,72,72,LGACT-2026-0072,PIN-2026-0072,WO-LG-2026-0072,OP010,DEF-HYD-01,Loose Displacement Sensor Bracket,Loose Displacement Sensor Bracket involving Cylinder Barrel Assembly; review and disposition are required according to the nonconformance process.,QMS_SEV_WARN,Loose Displacement Sensor Bracket involving Cylinder Barrel Assembly; review and disposition are required according to the nonconformance process.,DEPT-QA-01,Field Support Department
73,73,73,LGACT-2026-0073,PIN-2026-0073,WO-LG-2026-0073,OP020,DEF-HYD-02,Chrome Plating Scratch on Piston Rod,Chrome Plating Scratch on Piston Rod involving Front End Cap; review and disposition are required according to the nonconformance process.,QMS_SEV_MINOR,Chrome Plating Scratch on Piston Rod involving Front End Cap; review and disposition are required according to the nonconformance process.,DEPT-QA-02,Quality Management Department
74,74,74,LGACT-2026-0074,PIN-2026-0074,WO-LG-2026-0074,OP030,DEF-HYD-03,Seal Ring Compression Damage,Seal Ring Compression Damage involving Rear End Cap; review and disposition are required according to the nonconformance process.,QMS_SEV_MAJOR,Seal Ring Compression Damage involving Rear End Cap; review and disposition are required according to the nonconformance process.,DEPT-QA-03,Hydraulic Assembly Workshop
75,75,75,LGACT-2026-0075,PIN-2026-0075,WO-LG-2026-0075,OP040,DEF-HYD-04,Scratch on Cylinder Barrel Inner Wall,Scratch on Cylinder Barrel Inner Wall involving Seal Ring Assembly; review and disposition are required according to the nonconformance process.,QMS_SEV_CRITICAL,Scratch on Cylinder Barrel Inner Wall involving Seal Ring Assembly; review and disposition are required according to the nonconformance process.,DEPT-QA-04,Precision Machining Workshop
76,76,76,LGACT-2026-0076,PIN-2026-0076,WO-LG-2026-0076,OP050,DEF-HYD-05,Pressure Holding Leakage Rate Out of Tolerance,Pressure Holding Leakage Rate Out of Tolerance involving Trunnion Bushing; review and disposition are required according to the nonconformance process.,QMS_SEV_WARN,Pressure Holding Leakage Rate Out of Tolerance involving Trunnion Bushing; review and disposition are required according to the nonconformance process.,DEPT-QA-05,Outsourcing Quality Office
77,77,77,LGACT-2026-0077,PIN-2026-0077,WO-LG-2026-0077,OP060,DEF-HYD-06,Actuation Hysteresis,Actuation Hysteresis involving Spherical Bearing; review and disposition are required according to the nonconformance process.,QMS_SEV_MINOR,Actuation Hysteresis involving Spherical Bearing; review and disposition are required according to the nonconformance process.,DEPT-QA-06,Aviation Materials Procurement Department
78,78,78,LGACT-2026-0078,PIN-2026-0078,WO-LG-2026-0078,OP070,DEF-HYD-07,Minor Leakage at Hydraulic Fitting,Minor Leakage at Hydraulic Fitting involving Throttle Connector; review and disposition are required according to the nonconformance process.,QMS_SEV_MAJOR,Minor Leakage at Hydraulic Fitting involving Throttle Connector; review and disposition are required according to the nonconformance process.,DEPT-QA-01,Field Support Department
79,79,79,LGACT-2026-0079,PIN-2026-0079,WO-LG-2026-0079,OP080,DEF-HYD-08,Excessive Trunnion Bushing Clearance,Excessive Trunnion Bushing Clearance involving Displacement Sensor Bracket; review and disposition are required according to the nonconformance process.,QMS_SEV_CRITICAL,Excessive Trunnion Bushing Clearance involving Displacement Sensor Bracket; review and disposition are required according to the nonconformance process.,DEPT-QA-02,Quality Management Department
80,80,80,LGACT-2026-0080,PIN-2026-0080,WO-LG-2026-0080,OP010,DEF-HYD-09,Loose Displacement Sensor Bracket,Loose Displacement Sensor Bracket involving Locking Nut; review and disposition are required according to the nonconformance process.,QMS_SEV_WARN,Loose Displacement Sensor Bracket involving Locking Nut; review and disposition are required according to the nonconformance process.,DEPT-QA-03,Hydraulic Assembly Workshop
81,81,81,LGACT-2026-0081,PIN-2026-0081,WO-LG-2026-0081,OP020,DEF-HYD-01,Chrome Plating Scratch on Piston Rod,Chrome Plating Scratch on Piston Rod involving Piston Rod Assembly; review and disposition are required according to the nonconformance process.,QMS_SEV_MINOR,Chrome Plating Scratch on Piston Rod involving Piston Rod Assembly; review and disposition are required according to the nonconformance process.,DEPT-QA-04,Precision Machining Workshop
82,82,82,LGACT-2026-0082,PIN-2026-0082,WO-LG-2026-0082,OP030,DEF-HYD-02,Seal Ring Compression Damage,Seal Ring Compression Damage involving Cylinder Barrel Assembly; review and disposition are required according to the nonconformance process.,QMS_SEV_MAJOR,Seal Ring Compression Damage involving Cylinder Barrel Assembly; review and disposition are required according to the nonconformance process.,DEPT-QA-05,Outsourcing Quality Office
83,83,83,LGACT-2026-0083,PIN-2026-0083,WO-LG-2026-0083,OP040,DEF-HYD-03,Scratch on Cylinder Barrel Inner Wall,Scratch on Cylinder Barrel Inner Wall involving Front End Cap; review and disposition are required according to the nonconformance process.,QMS_SEV_CRITICAL,Scratch on Cylinder Barrel Inner Wall involving Front End Cap; review and disposition are required according to the nonconformance process.,DEPT-QA-06,Aviation Materials Procurement Department
84,84,84,LGACT-2026-0084,PIN-2026-0084,WO-LG-2026-0084,OP050,DEF-HYD-04,Pressure Holding Leakage Rate Out of Tolerance,Pressure Holding Leakage Rate Out of Tolerance involving Rear End Cap; review and disposition are required according to the nonconformance process.,QMS_SEV_WARN,Pressure Holding Leakage Rate Out of Tolerance involving Rear End Cap; review and disposition are required according to the nonconformance process.,DEPT-QA-01,Field Support Department
85,85,85,LGACT-2026-0085,PIN-2026-0085,WO-LG-2026-0085,OP060,DEF-HYD-05,Actuation Hysteresis,Actuation Hysteresis involving Seal Ring Assembly; review and disposition are required according to the nonconformance process.,QMS_SEV_MINOR,Actuation Hysteresis involving Seal Ring Assembly; review and disposition are required according to the nonconformance process.,DEPT-QA-02,Quality Management Department
86,86,86,LGACT-2026-0086,PIN-2026-0086,WO-LG-2026-0086,OP070,DEF-HYD-06,Minor Leakage at Hydraulic Fitting,Minor Leakage at Hydraulic Fitting involving Trunnion Bushing; review and disposition are required according to the nonconformance process.,QMS_SEV_MAJOR,Minor Leakage at Hydraulic Fitting involving Trunnion Bushing; review and disposition are required according to the nonconformance process.,DEPT-QA-03,Hydraulic Assembly Workshop
87,87,87,LGACT-2026-0087,PIN-2026-0087,WO-LG-2026-0087,OP080,DEF-HYD-07,Excessive Trunnion Bushing Clearance,Excessive Trunnion Bushing Clearance involving Spherical Bearing; review and disposition are required according to the nonconformance process.,QMS_SEV_CRITICAL,Excessive Trunnion Bushing Clearance involving Spherical Bearing; review and disposition are required according to the nonconformance process.,DEPT-QA-04,Precision Machining Workshop
88,88,88,LGACT-2026-0088,PIN-2026-0088,WO-LG-2026-0088,OP010,DEF-HYD-08,Loose Displacement Sensor Bracket,Loose Displacement Sensor Bracket involving Throttle Connector; review and disposition are required according to the nonconformance process.,QMS_SEV_WARN,Loose Displacement Sensor Bracket involving Throttle Connector; review and disposition are required according to the nonconformance process.,DEPT-QA-05,Outsourcing Quality Office
89,89,89,LGACT-2026-0089,PIN-2026-0089,WO-LG-2026-0089,OP020,DEF-HYD-09,Chrome Plating Scratch on Piston Rod,Chrome Plating Scratch on Piston Rod involving Displacement Sensor Bracket; review and disposition are required according to the nonconformance process.,QMS_SEV_MINOR,Chrome Plating Scratch on Piston Rod involving Displacement Sensor Bracket; review and disposition are required according to the nonconformance process.,DEPT-QA-06,Aviation Materials Procurement Department
90,90,90,LGACT-2026-0090,PIN-2026-0090,WO-LG-2026-0090,OP030,DEF-HYD-01,Seal Ring Compression Damage,Seal Ring Compression Damage involving Locking Nut; review and disposition are required according to the nonconformance process.,QMS_SEV_MAJOR,Seal Ring Compression Damage involving Locking Nut; review and disposition are required according to the nonconformance process.,DEPT-QA-01,Field Support Department
91,91,91,LGACT-2026-0091,PIN-2026-0091,WO-LG-2026-0091,OP040,DEF-HYD-02,Scratch on Cylinder Barrel Inner Wall,Scratch on Cylinder Barrel Inner Wall involving Piston Rod Assembly; review and disposition are required according to the nonconformance process.,QMS_SEV_CRITICAL,Scratch on Cylinder Barrel Inner Wall involving Piston Rod Assembly; review and disposition are required according to the nonconformance process.,DEPT-QA-02,Quality Management Department
92,92,92,LGACT-2026-0092,PIN-2026-0092,WO-LG-2026-0092,OP050,DEF-HYD-03,Pressure Holding Leakage Rate Out of Tolerance,Pressure Holding Leakage Rate Out of Tolerance involving Cylinder Barrel Assembly; review and disposition are required according to the nonconformance process.,QMS_SEV_WARN,Pressure Holding Leakage Rate Out of Tolerance involving Cylinder Barrel Assembly; review and disposition are required according to the nonconformance process.,DEPT-QA-03,Hydraulic Assembly Workshop
93,93,93,LGACT-2026-0093,PIN-2026-0093,WO-LG-2026-0093,OP060,DEF-HYD-04,Actuation Hysteresis,Actuation Hysteresis involving Front End Cap; review and disposition are required according to the nonconformance process.,QMS_SEV_MINOR,Actuation Hysteresis involving Front End Cap; review and disposition are required according to the nonconformance process.,DEPT-QA-04,Precision Machining Workshop
94,94,94,LGACT-2026-0094,PIN-2026-0094,WO-LG-2026-0094,OP070,DEF-HYD-05,Minor Leakage at Hydraulic Fitting,Minor Leakage at Hydraulic Fitting involving Rear End Cap; review and disposition are required according to the nonconformance process.,QMS_SEV_MAJOR,Minor Leakage at Hydraulic Fitting involving Rear End Cap; review and disposition are required according to the nonconformance process.,DEPT-QA-05,Outsourcing Quality Office
95,95,95,LGACT-2026-0095,PIN-2026-0095,WO-LG-2026-0095,OP080,DEF-HYD-06,Excessive Trunnion Bushing Clearance,Excessive Trunnion Bushing Clearance involving Seal Ring Assembly; review and disposition are required according to the nonconformance process.,QMS_SEV_CRITICAL,Excessive Trunnion Bushing Clearance involving Seal Ring Assembly; review and disposition are required according to the nonconformance process.,DEPT-QA-06,Aviation Materials Procurement Department
96,96,96,LGACT-2026-0096,PIN-2026-0096,WO-LG-2026-0096,OP010,DEF-HYD-07,Loose Displacement Sensor Bracket,Loose Displacement Sensor Bracket involving Trunnion Bushing; review and disposition are required according to the nonconformance process.,QMS_SEV_WARN,Loose Displacement Sensor Bracket involving Trunnion Bushing; review and disposition are required according to the nonconformance process.,DEPT-QA-01,Field Support Department
97,97,97,LGACT-2026-0097,PIN-2026-0097,WO-LG-2026-0097,OP020,DEF-HYD-08,Chrome Plating Scratch on Piston Rod,Chrome Plating Scratch on Piston Rod involving Spherical Bearing; review and disposition are required according to the nonconformance process.,QMS_SEV_MINOR,Chrome Plating Scratch on Piston Rod involving Spherical Bearing; review and disposition are required according to the nonconformance process.,DEPT-QA-02,Quality Management Department
98,98,98,LGACT-2026-0098,PIN-2026-0098,WO-LG-2026-0098,OP030,DEF-HYD-09,Seal Ring Compression Damage,Seal Ring Compression Damage involving Throttle Connector; review and disposition are required according to the nonconformance process.,QMS_SEV_MAJOR,Seal Ring Compression Damage involving Throttle Connector; review and disposition are required according to the nonconformance process.,DEPT-QA-03,Hydraulic Assembly Workshop
99,99,99,LGACT-2026-0099,PIN-2026-0099,WO-LG-2026-0099,OP040,DEF-HYD-01,Scratch on Cylinder Barrel Inner Wall,Scratch on Cylinder Barrel Inner Wall involving Displacement Sensor Bracket; review and disposition are required according to the nonconformance process.,QMS_SEV_CRITICAL,Scratch on Cylinder Barrel Inner Wall involving Displacement Sensor Bracket; review and disposition are required according to the nonconformance process.,DEPT-QA-04,Precision Machining Workshop
100,100,100,LGACT-2026-0100,PIN-2026-0100,WO-LG-2026-0100,OP050,DEF-HYD-02,Pressure Holding Leakage Rate Out of Tolerance,Pressure Holding Leakage Rate Out of Tolerance involving Locking Nut; review and disposition are required according to the nonconformance process.,QMS_SEV_WARN,Pressure Holding Leakage Rate Out of Tolerance involving Locking Nut; review and disposition are required according to the nonconformance process.,DEPT-QA-05,Outsourcing Quality Office
101,101,101,LGACT-2026-0101,PIN-2026-0101,WO-LG-2026-0101,OP060,DEF-HYD-03,Actuation Hysteresis,Actuation Hysteresis involving Piston Rod Assembly; review and disposition are required according to the nonconformance process.,QMS_SEV_MINOR,Actuation Hysteresis involving Piston Rod Assembly; review and disposition are required according to the nonconformance process.,DEPT-QA-06,Aviation Materials Procurement Department
102,102,102,LGACT-2026-0102,PIN-2026-0102,WO-LG-2026-0102,OP070,DEF-HYD-04,Minor Leakage at Hydraulic Fitting,Minor Leakage at Hydraulic Fitting involving Cylinder Barrel Assembly; review and disposition are required according to the nonconformance process.,QMS_SEV_MAJOR,Minor Leakage at Hydraulic Fitting involving Cylinder Barrel Assembly; review and disposition are required according to the nonconformance process.,DEPT-QA-01,Field Support Department
103,103,103,LGACT-2026-0103,PIN-2026-0103,WO-LG-2026-0103,OP080,DEF-HYD-05,Excessive Trunnion Bushing Clearance,Excessive Trunnion Bushing Clearance involving Front End Cap; review and disposition are required according to the nonconformance process.,QMS_SEV_CRITICAL,Excessive Trunnion Bushing Clearance involving Front End Cap; review and disposition are required according to the nonconformance process.,DEPT-QA-02,Quality Management Department
104,104,104,LGACT-2026-0104,PIN-2026-0104,WO-LG-2026-0104,OP010,DEF-HYD-06,Loose Displacement Sensor Bracket,Loose Displacement Sensor Bracket involving Rear End Cap; review and disposition are required according to the nonconformance process.,QMS_SEV_WARN,Loose Displacement Sensor Bracket involving Rear End Cap; review and disposition are required according to the nonconformance process.,DEPT-QA-03,Hydraulic Assembly Workshop
105,105,105,LGACT-2026-0105,PIN-2026-0105,WO-LG-2026-0105,OP020,DEF-HYD-07,Chrome Plating Scratch on Piston Rod,Chrome Plating Scratch on Piston Rod involving Seal Ring Assembly; review and disposition are required according to the nonconformance process.,QMS_SEV_MINOR,Chrome Plating Scratch on Piston Rod involving Seal Ring Assembly; review and disposition are required according to the nonconformance process.,DEPT-QA-04,Precision Machining Workshop
106,106,106,LGACT-2026-0106,PIN-2026-0106,WO-LG-2026-0106,OP030,DEF-HYD-08,Seal Ring Compression Damage,Seal Ring Compression Damage involving Trunnion Bushing; review and disposition are required according to the nonconformance process.,QMS_SEV_MAJOR,Seal Ring Compression Damage involving Trunnion Bushing; review and disposition are required according to the nonconformance process.,DEPT-QA-05,Outsourcing Quality Office
107,107,107,LGACT-2026-0107,PIN-2026-0107,WO-LG-2026-0107,OP040,DEF-HYD-09,Scratch on Cylinder Barrel Inner Wall,Scratch on Cylinder Barrel Inner Wall involving Spherical Bearing; review and disposition are required according to the nonconformance process.,QMS_SEV_CRITICAL,Scratch on Cylinder Barrel Inner Wall involving Spherical Bearing; review and disposition are required according to the nonconformance process.,DEPT-QA-06,Aviation Materials Procurement Department
108,108,108,LGACT-2026-0108,PIN-2026-0108,WO-LG-2026-0108,OP050,DEF-HYD-01,Pressure Holding Leakage Rate Out of Tolerance,Pressure Holding Leakage Rate Out of Tolerance involving Throttle Connector; review and disposition are required according to the nonconformance process.,QMS_SEV_WARN,Pressure Holding Leakage Rate Out of Tolerance involving Throttle Connector; review and disposition are required according to the nonconformance process.,DEPT-QA-01,Field Support Department
109,109,109,LGACT-2026-0109,PIN-2026-0109,WO-LG-2026-0109,OP060,DEF-HYD-02,Actuation Hysteresis,Actuation Hysteresis involving Displacement Sensor Bracket; review and disposition are required according to the nonconformance process.,QMS_SEV_MINOR,Actuation Hysteresis involving Displacement Sensor Bracket; review and disposition are required according to the nonconformance process.,DEPT-QA-02,Quality Management Department
110,110,110,LGACT-2026-0110,PIN-2026-0110,WO-LG-2026-0110,OP070,DEF-HYD-03,Minor Leakage at Hydraulic Fitting,Minor Leakage at Hydraulic Fitting involving Locking Nut; review and disposition are required according to the nonconformance process.,QMS_SEV_MAJOR,Minor Leakage at Hydraulic Fitting involving Locking Nut; review and disposition are required according to the nonconformance process.,DEPT-QA-03,Hydraulic Assembly Workshop
111,111,111,LGACT-2026-0111,PIN-2026-0111,WO-LG-2026-0111,OP080,DEF-HYD-04,Excessive Trunnion Bushing Clearance,Excessive Trunnion Bushing Clearance involving Piston Rod Assembly; review and disposition are required according to the nonconformance process.,QMS_SEV_CRITICAL,Excessive Trunnion Bushing Clearance involving Piston Rod Assembly; review and disposition are required according to the nonconformance process.,DEPT-QA-04,Precision Machining Workshop
112,112,112,LGACT-2026-0112,PIN-2026-0112,WO-LG-2026-0112,OP010,DEF-HYD-05,Loose Displacement Sensor Bracket,Loose Displacement Sensor Bracket involving Cylinder Barrel Assembly; review and disposition are required according to the nonconformance process.,QMS_SEV_WARN,Loose Displacement Sensor Bracket involving Cylinder Barrel Assembly; review and disposition are required according to the nonconformance process.,DEPT-QA-05,Outsourcing Quality Office
113,113,113,LGACT-2026-0113,PIN-2026-0113,WO-LG-2026-0113,OP020,DEF-HYD-06,Chrome Plating Scratch on Piston Rod,Chrome Plating Scratch on Piston Rod involving Front End Cap; review and disposition are required according to the nonconformance process.,QMS_SEV_MINOR,Chrome Plating Scratch on Piston Rod involving Front End Cap; review and disposition are required according to the nonconformance process.,DEPT-QA-06,Aviation Materials Procurement Department
114,114,114,LGACT-2026-0114,PIN-2026-0114,WO-LG-2026-0114,OP030,DEF-HYD-07,Seal Ring Compression Damage,Seal Ring Compression Damage involving Rear End Cap; review and disposition are required according to the nonconformance process.,QMS_SEV_MAJOR,Seal Ring Compression Damage involving Rear End Cap; review and disposition are required according to the nonconformance process.,DEPT-QA-01,Field Support Department
115,115,115,LGACT-2026-0115,PIN-2026-0115,WO-LG-2026-0115,OP040,DEF-HYD-08,Scratch on Cylinder Barrel Inner Wall,Scratch on Cylinder Barrel Inner Wall involving Seal Ring Assembly; review and disposition are required according to the nonconformance process.,QMS_SEV_CRITICAL,Scratch on Cylinder Barrel Inner Wall involving Seal Ring Assembly; review and disposition are required according to the nonconformance process.,DEPT-QA-02,Quality Management Department
116,116,116,LGACT-2026-0116,PIN-2026-0116,WO-LG-2026-0116,OP050,DEF-HYD-09,Pressure Holding Leakage Rate Out of Tolerance,Pressure Holding Leakage Rate Out of Tolerance involving Trunnion Bushing; review and disposition are required according to the nonconformance process.,QMS_SEV_WARN,Pressure Holding Leakage Rate Out of Tolerance involving Trunnion Bushing; review and disposition are required according to the nonconformance process.,DEPT-QA-03,Hydraulic Assembly Workshop
117,117,117,LGACT-2026-0117,PIN-2026-0117,WO-LG-2026-0117,OP060,DEF-HYD-01,Actuation Hysteresis,Actuation Hysteresis involving Spherical Bearing; review and disposition are required according to the nonconformance process.,QMS_SEV_MINOR,Actuation Hysteresis involving Spherical Bearing; review and disposition are required according to the nonconformance process.,DEPT-QA-04,Precision Machining Workshop
118,118,118,LGACT-2026-0118,PIN-2026-0118,WO-LG-2026-0118,OP070,DEF-HYD-02,Minor Leakage at Hydraulic Fitting,Minor Leakage at Hydraulic Fitting involving Throttle Connector; review and disposition are required according to the nonconformance process.,QMS_SEV_MAJOR,Minor Leakage at Hydraulic Fitting involving Throttle Connector; review and disposition are required according to the nonconformance process.,DEPT-QA-05,Outsourcing Quality Office
119,119,119,LGACT-2026-0119,PIN-2026-0119,WO-LG-2026-0119,OP080,DEF-HYD-03,Excessive Trunnion Bushing Clearance,Excessive Trunnion Bushing Clearance involving Displacement Sensor Bracket; review and disposition are required according to the nonconformance process.,QMS_SEV_CRITICAL,Excessive Trunnion Bushing Clearance involving Displacement Sensor Bracket; review and disposition are required according to the nonconformance process.,DEPT-QA-06,Aviation Materials Procurement Department
120,120,120,LGACT-2026-0120,PIN-2026-0120,WO-LG-2026-0120,OP010,DEF-HYD-04,Loose Displacement Sensor Bracket,Loose Displacement Sensor Bracket involving Locking Nut; review and disposition are required according to the nonconformance process.,QMS_SEV_WARN,Loose Displacement Sensor Bracket involving Locking Nut; review and disposition are required according to the nonconformance process.,DEPT-QA-01,Field Support Department
121,121,121,LGACT-2026-0121,PIN-2026-0121,WO-LG-2026-0121,OP020,DEF-HYD-05,Chrome Plating Scratch on Piston Rod,Chrome Plating Scratch on Piston Rod involving Piston Rod Assembly; review and disposition are required according to the nonconformance process.,QMS_SEV_MINOR,Chrome Plating Scratch on Piston Rod involving Piston Rod Assembly; review and disposition are required according to the nonconformance process.,DEPT-QA-02,Quality Management Department
122,122,122,LGACT-2026-0122,PIN-2026-0122,WO-LG-2026-0122,OP030,DEF-HYD-06,Seal Ring Compression Damage,Seal Ring Compression Damage involving Cylinder Barrel Assembly; review and disposition are required according to the nonconformance process.,QMS_SEV_MAJOR,Seal Ring Compression Damage involving Cylinder Barrel Assembly; review and disposition are required according to the nonconformance process.,DEPT-QA-03,Hydraulic Assembly Workshop
123,123,123,LGACT-2026-0123,PIN-2026-0123,WO-LG-2026-0123,OP040,DEF-HYD-07,Scratch on Cylinder Barrel Inner Wall,Scratch on Cylinder Barrel Inner Wall involving Front End Cap; review and disposition are required according to the nonconformance process.,QMS_SEV_CRITICAL,Scratch on Cylinder Barrel Inner Wall involving Front End Cap; review and disposition are required according to the nonconformance process.,DEPT-QA-04,Precision Machining Workshop
124,124,124,LGACT-2026-0124,PIN-2026-0124,WO-LG-2026-0124,OP050,DEF-HYD-08,Pressure Holding Leakage Rate Out of Tolerance,Pressure Holding Leakage Rate Out of Tolerance involving Rear End Cap; review and disposition are required according to the nonconformance process.,QMS_SEV_WARN,Pressure Holding Leakage Rate Out of Tolerance involving Rear End Cap; review and disposition are required according to the nonconformance process.,DEPT-QA-05,Outsourcing Quality Office
125,125,125,LGACT-2026-0125,PIN-2026-0125,WO-LG-2026-0125,OP060,DEF-HYD-09,Actuation Hysteresis,Actuation Hysteresis involving Seal Ring Assembly; review and disposition are required according to the nonconformance process.,QMS_SEV_MINOR,Actuation Hysteresis involving Seal Ring Assembly; review and disposition are required according to the nonconformance process.,DEPT-QA-06,Aviation Materials Procurement Department
126,126,126,LGACT-2026-0126,PIN-2026-0126,WO-LG-2026-0126,OP070,DEF-HYD-01,Minor Leakage at Hydraulic Fitting,Minor Leakage at Hydraulic Fitting involving Trunnion Bushing; review and disposition are required according to the nonconformance process.,QMS_SEV_MAJOR,Minor Leakage at Hydraulic Fitting involving Trunnion Bushing; review and disposition are required according to the nonconformance process.,DEPT-QA-01,Field Support Department
127,127,127,LGACT-2026-0127,PIN-2026-0127,WO-LG-2026-0127,OP080,DEF-HYD-02,Excessive Trunnion Bushing Clearance,Excessive Trunnion Bushing Clearance involving Spherical Bearing; review and disposition are required according to the nonconformance process.,QMS_SEV_CRITICAL,Excessive Trunnion Bushing Clearance involving Spherical Bearing; review and disposition are required according to the nonconformance process.,DEPT-QA-02,Quality Management Department
128,128,128,LGACT-2026-0128,PIN-2026-0128,WO-LG-2026-0128,OP010,DEF-HYD-03,Loose Displacement Sensor Bracket,Loose Displacement Sensor Bracket involving Throttle Connector; review and disposition are required according to the nonconformance process.,QMS_SEV_WARN,Loose Displacement Sensor Bracket involving Throttle Connector; review and disposition are required according to the nonconformance process.,DEPT-QA-03,Hydraulic Assembly Workshop
129,129,129,LGACT-2026-0129,PIN-2026-0129,WO-LG-2026-0129,OP020,DEF-HYD-04,Chrome Plating Scratch on Piston Rod,Chrome Plating Scratch on Piston Rod involving Displacement Sensor Bracket; review and disposition are required according to the nonconformance process.,QMS_SEV_MINOR,Chrome Plating Scratch on Piston Rod involving Displacement Sensor Bracket; review and disposition are required according to the nonconformance process.,DEPT-QA-04,Precision Machining Workshop
130,130,130,LGACT-2026-0130,PIN-2026-0130,WO-LG-2026-0130,OP030,DEF-HYD-05,Seal Ring Compression Damage,Seal Ring Compression Damage involving Locking Nut; review and disposition are required according to the nonconformance process.,QMS_SEV_MAJOR,Seal Ring Compression Damage involving Locking Nut; review and disposition are required according to the nonconformance process.,DEPT-QA-05,Outsourcing Quality Office
131,131,131,LGACT-2026-0131,PIN-2026-0131,WO-LG-2026-0131,OP040,DEF-HYD-06,Scratch on Cylinder Barrel Inner Wall,Scratch on Cylinder Barrel Inner Wall involving Piston Rod Assembly; review and disposition are required according to the nonconformance process.,QMS_SEV_CRITICAL,Scratch on Cylinder Barrel Inner Wall involving Piston Rod Assembly; review and disposition are required according to the nonconformance process.,DEPT-QA-06,Aviation Materials Procurement Department
132,132,132,LGACT-2026-0132,PIN-2026-0132,WO-LG-2026-0132,OP050,DEF-HYD-07,Pressure Holding Leakage Rate Out of Tolerance,Pressure Holding Leakage Rate Out of Tolerance involving Cylinder Barrel Assembly; review and disposition are required according to the nonconformance process.,QMS_SEV_WARN,Pressure Holding Leakage Rate Out of Tolerance involving Cylinder Barrel Assembly; review and disposition are required according to the nonconformance process.,DEPT-QA-01,Field Support Department
133,133,133,LGACT-2026-0133,PIN-2026-0133,WO-LG-2026-0133,OP060,DEF-HYD-08,Actuation Hysteresis,Actuation Hysteresis involving Front End Cap; review and disposition are required according to the nonconformance process.,QMS_SEV_MINOR,Actuation Hysteresis involving Front End Cap; review and disposition are required according to the nonconformance process.,DEPT-QA-02,Quality Management Department
134,134,134,LGACT-2026-0134,PIN-2026-0134,WO-LG-2026-0134,OP070,DEF-HYD-09,Minor Leakage at Hydraulic Fitting,Minor Leakage at Hydraulic Fitting involving Rear End Cap; review and disposition are required according to the nonconformance process.,QMS_SEV_MAJOR,Minor Leakage at Hydraulic Fitting involving Rear End Cap; review and disposition are required according to the nonconformance process.,DEPT-QA-03,Hydraulic Assembly Workshop
135,135,135,LGACT-2026-0135,PIN-2026-0135,WO-LG-2026-0135,OP080,DEF-HYD-01,Excessive Trunnion Bushing Clearance,Excessive Trunnion Bushing Clearance involving Seal Ring Assembly; review and disposition are required according to the nonconformance process.,QMS_SEV_CRITICAL,Excessive Trunnion Bushing Clearance involving Seal Ring Assembly; review and disposition are required according to the nonconformance process.,DEPT-QA-04,Precision Machining Workshop
136,136,136,LGACT-2026-0136,PIN-2026-0136,WO-LG-2026-0136,OP010,DEF-HYD-02,Loose Displacement Sensor Bracket,Loose Displacement Sensor Bracket involving Trunnion Bushing; review and disposition are required according to the nonconformance process.,QMS_SEV_WARN,Loose Displacement Sensor Bracket involving Trunnion Bushing; review and disposition are required according to the nonconformance process.,DEPT-QA-05,Outsourcing Quality Office
137,137,137,LGACT-2026-0137,PIN-2026-0137,WO-LG-2026-0137,OP020,DEF-HYD-03,Chrome Plating Scratch on Piston Rod,Chrome Plating Scratch on Piston Rod involving Spherical Bearing; review and disposition are required according to the nonconformance process.,QMS_SEV_MINOR,Chrome Plating Scratch on Piston Rod involving Spherical Bearing; review and disposition are required according to the nonconformance process.,DEPT-QA-06,Aviation Materials Procurement Department
138,138,138,LGACT-2026-0138,PIN-2026-0138,WO-LG-2026-0138,OP030,DEF-HYD-04,Seal Ring Compression Damage,Seal Ring Compression Damage involving Throttle Connector; review and disposition are required according to the nonconformance process.,QMS_SEV_MAJOR,Seal Ring Compression Damage involving Throttle Connector; review and disposition are required according to the nonconformance process.,DEPT-QA-01,Field Support Department
139,139,139,LGACT-2026-0139,PIN-2026-0139,WO-LG-2026-0139,OP040,DEF-HYD-05,Scratch on Cylinder Barrel Inner Wall,Scratch on Cylinder Barrel Inner Wall involving Displacement Sensor Bracket; review and disposition are required according to the nonconformance process.,QMS_SEV_CRITICAL,Scratch on Cylinder Barrel Inner Wall involving Displacement Sensor Bracket; review and disposition are required according to the nonconformance process.,DEPT-QA-02,Quality Management Department
140,140,140,LGACT-2026-0140,PIN-2026-0140,WO-LG-2026-0140,OP050,DEF-HYD-06,Pressure Holding Leakage Rate Out of Tolerance,Pressure Holding Leakage Rate Out of Tolerance involving Locking Nut; review and disposition are required according to the nonconformance process.,QMS_SEV_WARN,Pressure Holding Leakage Rate Out of Tolerance involving Locking Nut; review and disposition are required according to the nonconformance process.,DEPT-QA-03,Hydraulic Assembly Workshop
141,141,141,LGACT-2026-0141,PIN-2026-0141,WO-LG-2026-0141,OP060,DEF-HYD-07,Actuation Hysteresis,Actuation Hysteresis involving Piston Rod Assembly; review and disposition are required according to the nonconformance process.,QMS_SEV_MINOR,Actuation Hysteresis involving Piston Rod Assembly; review and disposition are required according to the nonconformance process.,DEPT-QA-04,Precision Machining Workshop
142,142,142,LGACT-2026-0142,PIN-2026-0142,WO-LG-2026-0142,OP070,DEF-HYD-08,Minor Leakage at Hydraulic Fitting,Minor Leakage at Hydraulic Fitting involving Cylinder Barrel Assembly; review and disposition are required according to the nonconformance process.,QMS_SEV_MAJOR,Minor Leakage at Hydraulic Fitting involving Cylinder Barrel Assembly; review and disposition are required according to the nonconformance process.,DEPT-QA-05,Outsourcing Quality Office
143,143,143,LGACT-2026-0143,PIN-2026-0143,WO-LG-2026-0143,OP080,DEF-HYD-09,Excessive Trunnion Bushing Clearance,Excessive Trunnion Bushing Clearance involving Front End Cap; review and disposition are required according to the nonconformance process.,QMS_SEV_CRITICAL,Excessive Trunnion Bushing Clearance involving Front End Cap; review and disposition are required according to the nonconformance process.,DEPT-QA-06,Aviation Materials Procurement Department
144,144,144,LGACT-2026-0144,PIN-2026-0144,WO-LG-2026-0144,OP010,DEF-HYD-01,Loose Displacement Sensor Bracket,Loose Displacement Sensor Bracket involving Rear End Cap; review and disposition are required according to the nonconformance process.,QMS_SEV_WARN,Loose Displacement Sensor Bracket involving Rear End Cap; review and disposition are required according to the nonconformance process.,DEPT-QA-01,Field Support Department
145,145,145,LGACT-2026-0145,PIN-2026-0145,WO-LG-2026-0145,OP020,DEF-HYD-02,Chrome Plating Scratch on Piston Rod,Chrome Plating Scratch on Piston Rod involving Seal Ring Assembly; review and disposition are required according to the nonconformance process.,QMS_SEV_MINOR,Chrome Plating Scratch on Piston Rod involving Seal Ring Assembly; review and disposition are required according to the nonconformance process.,DEPT-QA-02,Quality Management Department
146,146,146,LGACT-2026-0146,PIN-2026-0146,WO-LG-2026-0146,OP030,DEF-HYD-03,Seal Ring Compression Damage,Seal Ring Compression Damage involving Trunnion Bushing; review and disposition are required according to the nonconformance process.,QMS_SEV_MAJOR,Seal Ring Compression Damage involving Trunnion Bushing; review and disposition are required according to the nonconformance process.,DEPT-QA-03,Hydraulic Assembly Workshop
147,147,147,LGACT-2026-0147,PIN-2026-0147,WO-LG-2026-0147,OP040,DEF-HYD-04,Scratch on Cylinder Barrel Inner Wall,Scratch on Cylinder Barrel Inner Wall involving Spherical Bearing; review and disposition are required according to the nonconformance process.,QMS_SEV_CRITICAL,Scratch on Cylinder Barrel Inner Wall involving Spherical Bearing; review and disposition are required according to the nonconformance process.,DEPT-QA-04,Precision Machining Workshop
148,148,148,LGACT-2026-0148,PIN-2026-0148,WO-LG-2026-0148,OP050,DEF-HYD-05,Pressure Holding Leakage Rate Out of Tolerance,Pressure Holding Leakage Rate Out of Tolerance involving Throttle Connector; review and disposition are required according to the nonconformance process.,QMS_SEV_WARN,Pressure Holding Leakage Rate Out of Tolerance involving Throttle Connector; review and disposition are required according to the nonconformance process.,DEPT-QA-05,Outsourcing Quality Office
149,149,149,LGACT-2026-0149,PIN-2026-0149,WO-LG-2026-0149,OP060,DEF-HYD-06,Actuation Hysteresis,Actuation Hysteresis involving Displacement Sensor Bracket; review and disposition are required according to the nonconformance process.,QMS_SEV_MINOR,Actuation Hysteresis involving Displacement Sensor Bracket; review and disposition are required according to the nonconformance process.,DEPT-QA-06,Aviation Materials Procurement Department
150,150,150,LGACT-2026-0150,PIN-2026-0150,WO-LG-2026-0150,OP070,DEF-HYD-07,Minor Leakage at Hydraulic Fitting,Minor Leakage at Hydraulic Fitting involving Locking Nut; review and disposition are required according to the nonconformance process.,QMS_SEV_MAJOR,Minor Leakage at Hydraulic Fitting involving Locking Nut; review and disposition are required according to the nonconformance process.,DEPT-QA-01,Field Support Department
151,151,151,LGACT-2026-0151,PIN-2026-0151,WO-LG-2026-0151,OP080,DEF-HYD-08,Excessive Trunnion Bushing Clearance,Excessive Trunnion Bushing Clearance involving Piston Rod Assembly; review and disposition are required according to the nonconformance process.,QMS_SEV_CRITICAL,Excessive Trunnion Bushing Clearance involving Piston Rod Assembly; review and disposition are required according to the nonconformance process.,DEPT-QA-02,Quality Management Department
152,152,152,LGACT-2026-0152,PIN-2026-0152,WO-LG-2026-0152,OP010,DEF-HYD-09,Loose Displacement Sensor Bracket,Loose Displacement Sensor Bracket involving Cylinder Barrel Assembly; review and disposition are required according to the nonconformance process.,QMS_SEV_WARN,Loose Displacement Sensor Bracket involving Cylinder Barrel Assembly; review and disposition are required according to the nonconformance process.,DEPT-QA-03,Hydraulic Assembly Workshop
153,153,153,LGACT-2026-0153,PIN-2026-0153,WO-LG-2026-0153,OP020,DEF-HYD-01,Chrome Plating Scratch on Piston Rod,Chrome Plating Scratch on Piston Rod involving Front End Cap; review and disposition are required according to the nonconformance process.,QMS_SEV_MINOR,Chrome Plating Scratch on Piston Rod involving Front End Cap; review and disposition are required according to the nonconformance process.,DEPT-QA-04,Precision Machining Workshop
154,154,154,LGACT-2026-0154,PIN-2026-0154,WO-LG-2026-0154,OP030,DEF-HYD-02,Seal Ring Compression Damage,Seal Ring Compression Damage involving Rear End Cap; review and disposition are required according to the nonconformance process.,QMS_SEV_MAJOR,Seal Ring Compression Damage involving Rear End Cap; review and disposition are required according to the nonconformance process.,DEPT-QA-05,Outsourcing Quality Office
155,155,155,LGACT-2026-0155,PIN-2026-0155,WO-LG-2026-0155,OP040,DEF-HYD-03,Scratch on Cylinder Barrel Inner Wall,Scratch on Cylinder Barrel Inner Wall involving Seal Ring Assembly; review and disposition are required according to the nonconformance process.,QMS_SEV_CRITICAL,Scratch on Cylinder Barrel Inner Wall involving Seal Ring Assembly; review and disposition are required according to the nonconformance process.,DEPT-QA-06,Aviation Materials Procurement Department
156,156,156,LGACT-2026-0156,PIN-2026-0156,WO-LG-2026-0156,OP050,DEF-HYD-04,Pressure Holding Leakage Rate Out of Tolerance,Pressure Holding Leakage Rate Out of Tolerance involving Trunnion Bushing; review and disposition are required according to the nonconformance process.,QMS_SEV_WARN,Pressure Holding Leakage Rate Out of Tolerance involving Trunnion Bushing; review and disposition are required according to the nonconformance process.,DEPT-QA-01,Field Support Department
157,157,157,LGACT-2026-0157,PIN-2026-0157,WO-LG-2026-0157,OP060,DEF-HYD-05,Actuation Hysteresis,Actuation Hysteresis involving Spherical Bearing; review and disposition are required according to the nonconformance process.,QMS_SEV_MINOR,Actuation Hysteresis involving Spherical Bearing; review and disposition are required according to the nonconformance process.,DEPT-QA-02,Quality Management Department
158,158,158,LGACT-2026-0158,PIN-2026-0158,WO-LG-2026-0158,OP070,DEF-HYD-06,Minor Leakage at Hydraulic Fitting,Minor Leakage at Hydraulic Fitting involving Throttle Connector; review and disposition are required according to the nonconformance process.,QMS_SEV_MAJOR,Minor Leakage at Hydraulic Fitting involving Throttle Connector; review and disposition are required according to the nonconformance process.,DEPT-QA-03,Hydraulic Assembly Workshop
159,159,159,LGACT-2026-0159,PIN-2026-0159,WO-LG-2026-0159,OP080,DEF-HYD-07,Excessive Trunnion Bushing Clearance,Excessive Trunnion Bushing Clearance involving Displacement Sensor Bracket; review and disposition are required according to the nonconformance process.,QMS_SEV_CRITICAL,Excessive Trunnion Bushing Clearance involving Displacement Sensor Bracket; review and disposition are required according to the nonconformance process.,DEPT-QA-04,Precision Machining Workshop
160,160,160,LGACT-2026-0160,PIN-2026-0160,WO-LG-2026-0160,OP010,DEF-HYD-08,Loose Displacement Sensor Bracket,Loose Displacement Sensor Bracket involving Locking Nut; review and disposition are required according to the nonconformance process.,QMS_SEV_WARN,Loose Displacement Sensor Bracket involving Locking Nut; review and disposition are required according to the nonconformance process.,DEPT-QA-05,Outsourcing Quality Office
161,161,161,LGACT-2026-0161,PIN-2026-0161,WO-LG-2026-0161,OP020,DEF-HYD-09,Chrome Plating Scratch on Piston Rod,Chrome Plating Scratch on Piston Rod involving Piston Rod Assembly; review and disposition are required according to the nonconformance process.,QMS_SEV_MINOR,Chrome Plating Scratch on Piston Rod involving Piston Rod Assembly; review and disposition are required according to the nonconformance process.,DEPT-QA-06,Aviation Materials Procurement Department
162,162,162,LGACT-2026-0162,PIN-2026-0162,WO-LG-2026-0162,OP030,DEF-HYD-01,Seal Ring Compression Damage,Seal Ring Compression Damage involving Cylinder Barrel Assembly; review and disposition are required according to the nonconformance process.,QMS_SEV_MAJOR,Seal Ring Compression Damage involving Cylinder Barrel Assembly; review and disposition are required according to the nonconformance process.,DEPT-QA-01,Field Support Department
163,163,163,LGACT-2026-0163,PIN-2026-0163,WO-LG-2026-0163,OP040,DEF-HYD-02,Scratch on Cylinder Barrel Inner Wall,Scratch on Cylinder Barrel Inner Wall involving Front End Cap; review and disposition are required according to the nonconformance process.,QMS_SEV_CRITICAL,Scratch on Cylinder Barrel Inner Wall involving Front End Cap; review and disposition are required according to the nonconformance process.,DEPT-QA-02,Quality Management Department
164,164,164,LGACT-2026-0164,PIN-2026-0164,WO-LG-2026-0164,OP050,DEF-HYD-03,Pressure Holding Leakage Rate Out of Tolerance,Pressure Holding Leakage Rate Out of Tolerance involving Rear End Cap; review and disposition are required according to the nonconformance process.,QMS_SEV_WARN,Pressure Holding Leakage Rate Out of Tolerance involving Rear End Cap; review and disposition are required according to the nonconformance process.,DEPT-QA-03,Hydraulic Assembly Workshop
165,165,165,LGACT-2026-0165,PIN-2026-0165,WO-LG-2026-0165,OP060,DEF-HYD-04,Actuation Hysteresis,Actuation Hysteresis involving Seal Ring Assembly; review and disposition are required according to the nonconformance process.,QMS_SEV_MINOR,Actuation Hysteresis involving Seal Ring Assembly; review and disposition are required according to the nonconformance process.,DEPT-QA-04,Precision Machining Workshop
166,166,166,LGACT-2026-0166,PIN-2026-0166,WO-LG-2026-0166,OP070,DEF-HYD-05,Minor Leakage at Hydraulic Fitting,Minor Leakage at Hydraulic Fitting involving Trunnion Bushing; review and disposition are required according to the nonconformance process.,QMS_SEV_MAJOR,Minor Leakage at Hydraulic Fitting involving Trunnion Bushing; review and disposition are required according to the nonconformance process.,DEPT-QA-05,Outsourcing Quality Office
167,167,167,LGACT-2026-0167,PIN-2026-0167,WO-LG-2026-0167,OP080,DEF-HYD-06,Excessive Trunnion Bushing Clearance,Excessive Trunnion Bushing Clearance involving Spherical Bearing; review and disposition are required according to the nonconformance process.,QMS_SEV_CRITICAL,Excessive Trunnion Bushing Clearance involving Spherical Bearing; review and disposition are required according to the nonconformance process.,DEPT-QA-06,Aviation Materials Procurement Department
168,168,168,LGACT-2026-0168,PIN-2026-0168,WO-LG-2026-0168,OP010,DEF-HYD-07,Loose Displacement Sensor Bracket,Loose Displacement Sensor Bracket involving Throttle Connector; review and disposition are required according to the nonconformance process.,QMS_SEV_WARN,Loose Displacement Sensor Bracket involving Throttle Connector; review and disposition are required according to the nonconformance process.,DEPT-QA-01,Field Support Department
169,169,169,LGACT-2026-0169,PIN-2026-0169,WO-LG-2026-0169,OP020,DEF-HYD-08,Chrome Plating Scratch on Piston Rod,Chrome Plating Scratch on Piston Rod involving Displacement Sensor Bracket; review and disposition are required according to the nonconformance process.,QMS_SEV_MINOR,Chrome Plating Scratch on Piston Rod involving Displacement Sensor Bracket; review and disposition are required according to the nonconformance process.,DEPT-QA-02,Quality Management Department
170,170,170,LGACT-2026-0170,PIN-2026-0170,WO-LG-2026-0170,OP030,DEF-HYD-09,Seal Ring Compression Damage,Seal Ring Compression Damage involving Locking Nut; review and disposition are required according to the nonconformance process.,QMS_SEV_MAJOR,Seal Ring Compression Damage involving Locking Nut; review and disposition are required according to the nonconformance process.,DEPT-QA-03,Hydraulic Assembly Workshop
171,171,171,LGACT-2026-0171,PIN-2026-0171,WO-LG-2026-0171,OP040,DEF-HYD-01,Scratch on Cylinder Barrel Inner Wall,Scratch on Cylinder Barrel Inner Wall involving Piston Rod Assembly; review and disposition are required according to the nonconformance process.,QMS_SEV_CRITICAL,Scratch on Cylinder Barrel Inner Wall involving Piston Rod Assembly; review and disposition are required according to the nonconformance process.,DEPT-QA-04,Precision Machining Workshop
172,172,172,LGACT-2026-0172,PIN-2026-0172,WO-LG-2026-0172,OP050,DEF-HYD-02,Pressure Holding Leakage Rate Out of Tolerance,Pressure Holding Leakage Rate Out of Tolerance involving Cylinder Barrel Assembly; review and disposition are required according to the nonconformance process.,QMS_SEV_WARN,Pressure Holding Leakage Rate Out of Tolerance involving Cylinder Barrel Assembly; review and disposition are required according to the nonconformance process.,DEPT-QA-05,Outsourcing Quality Office
173,173,173,LGACT-2026-0173,PIN-2026-0173,WO-LG-2026-0173,OP060,DEF-HYD-03,Actuation Hysteresis,Actuation Hysteresis involving Front End Cap; review and disposition are required according to the nonconformance process.,QMS_SEV_MINOR,Actuation Hysteresis involving Front End Cap; review and disposition are required according to the nonconformance process.,DEPT-QA-06,Aviation Materials Procurement Department
174,174,174,LGACT-2026-0174,PIN-2026-0174,WO-LG-2026-0174,OP070,DEF-HYD-04,Minor Leakage at Hydraulic Fitting,Minor Leakage at Hydraulic Fitting involving Rear End Cap; review and disposition are required according to the nonconformance process.,QMS_SEV_MAJOR,Minor Leakage at Hydraulic Fitting involving Rear End Cap; review and disposition are required according to the nonconformance process.,DEPT-QA-01,Field Support Department
175,175,175,LGACT-2026-0175,PIN-2026-0175,WO-LG-2026-0175,OP080,DEF-HYD-05,Excessive Trunnion Bushing Clearance,Excessive Trunnion Bushing Clearance involving Seal Ring Assembly; review and disposition are required according to the nonconformance process.,QMS_SEV_CRITICAL,Excessive Trunnion Bushing Clearance involving Seal Ring Assembly; review and disposition are required according to the nonconformance process.,DEPT-QA-02,Quality Management Department
176,176,176,LGACT-2026-0176,PIN-2026-0176,WO-LG-2026-0176,OP010,DEF-HYD-06,Loose Displacement Sensor Bracket,Loose Displacement Sensor Bracket involving Trunnion Bushing; review and disposition are required according to the nonconformance process.,QMS_SEV_WARN,Loose Displacement Sensor Bracket involving Trunnion Bushing; review and disposition are required according to the nonconformance process.,DEPT-QA-03,Hydraulic Assembly Workshop
177,177,177,LGACT-2026-0177,PIN-2026-0177,WO-LG-2026-0177,OP020,DEF-HYD-07,Chrome Plating Scratch on Piston Rod,Chrome Plating Scratch on Piston Rod involving Spherical Bearing; review and disposition are required according to the nonconformance process.,QMS_SEV_MINOR,Chrome Plating Scratch on Piston Rod involving Spherical Bearing; review and disposition are required according to the nonconformance process.,DEPT-QA-04,Precision Machining Workshop
178,178,178,LGACT-2026-0178,PIN-2026-0178,WO-LG-2026-0178,OP030,DEF-HYD-08,Seal Ring Compression Damage,Seal Ring Compression Damage involving Throttle Connector; review and disposition are required according to the nonconformance process.,QMS_SEV_MAJOR,Seal Ring Compression Damage involving Throttle Connector; review and disposition are required according to the nonconformance process.,DEPT-QA-05,Outsourcing Quality Office
179,179,179,LGACT-2026-0179,PIN-2026-0179,WO-LG-2026-0179,OP040,DEF-HYD-09,Scratch on Cylinder Barrel Inner Wall,Scratch on Cylinder Barrel Inner Wall involving Displacement Sensor Bracket; review and disposition are required according to the nonconformance process.,QMS_SEV_CRITICAL,Scratch on Cylinder Barrel Inner Wall involving Displacement Sensor Bracket; review and disposition are required according to the nonconformance process.,DEPT-QA-06,Aviation Materials Procurement Department
180,180,180,LGACT-2026-0180,PIN-2026-0180,WO-LG-2026-0180,OP050,DEF-HYD-01,Pressure Holding Leakage Rate Out of Tolerance,Pressure Holding Leakage Rate Out of Tolerance involving Locking Nut; review and disposition are required according to the nonconformance process.,QMS_SEV_WARN,Pressure Holding Leakage Rate Out of Tolerance involving Locking Nut; review and disposition are required according to the nonconformance process.,DEPT-QA-01,Field Support Department
181,181,181,LGACT-2026-0181,PIN-2026-0181,WO-LG-2026-0181,OP060,DEF-HYD-02,Actuation Hysteresis,Actuation Hysteresis involving Piston Rod Assembly; review and disposition are required according to the nonconformance process.,QMS_SEV_MINOR,Actuation Hysteresis involving Piston Rod Assembly; review and disposition are required according to the nonconformance process.,DEPT-QA-02,Quality Management Department
182,182,182,LGACT-2026-0182,PIN-2026-0182,WO-LG-2026-0182,OP070,DEF-HYD-03,Minor Leakage at Hydraulic Fitting,Minor Leakage at Hydraulic Fitting involving Cylinder Barrel Assembly; review and disposition are required according to the nonconformance process.,QMS_SEV_MAJOR,Minor Leakage at Hydraulic Fitting involving Cylinder Barrel Assembly; review and disposition are required according to the nonconformance process.,DEPT-QA-03,Hydraulic Assembly Workshop
183,183,183,LGACT-2026-0183,PIN-2026-0183,WO-LG-2026-0183,OP080,DEF-HYD-04,Excessive Trunnion Bushing Clearance,Excessive Trunnion Bushing Clearance involving Front End Cap; review and disposition are required according to the nonconformance process.,QMS_SEV_CRITICAL,Excessive Trunnion Bushing Clearance involving Front End Cap; review and disposition are required according to the nonconformance process.,DEPT-QA-04,Precision Machining Workshop
184,184,184,LGACT-2026-0184,PIN-2026-0184,WO-LG-2026-0184,OP010,DEF-HYD-05,Loose Displacement Sensor Bracket,Loose Displacement Sensor Bracket involving Rear End Cap; review and disposition are required according to the nonconformance process.,QMS_SEV_WARN,Loose Displacement Sensor Bracket involving Rear End Cap; review and disposition are required according to the nonconformance process.,DEPT-QA-05,Outsourcing Quality Office
185,185,185,LGACT-2026-0185,PIN-2026-0185,WO-LG-2026-0185,OP020,DEF-HYD-06,Chrome Plating Scratch on Piston Rod,Chrome Plating Scratch on Piston Rod involving Seal Ring Assembly; review and disposition are required according to the nonconformance process.,QMS_SEV_MINOR,Chrome Plating Scratch on Piston Rod involving Seal Ring Assembly; review and disposition are required according to the nonconformance process.,DEPT-QA-06,Aviation Materials Procurement Department
186,186,186,LGACT-2026-0186,PIN-2026-0186,WO-LG-2026-0186,OP030,DEF-HYD-07,Seal Ring Compression Damage,Seal Ring Compression Damage involving Trunnion Bushing; review and disposition are required according to the nonconformance process.,QMS_SEV_MAJOR,Seal Ring Compression Damage involving Trunnion Bushing; review and disposition are required according to the nonconformance process.,DEPT-QA-01,Field Support Department
187,187,187,LGACT-2026-0187,PIN-2026-0187,WO-LG-2026-0187,OP040,DEF-HYD-08,Scratch on Cylinder Barrel Inner Wall,Scratch on Cylinder Barrel Inner Wall involving Spherical Bearing; review and disposition are required according to the nonconformance process.,QMS_SEV_CRITICAL,Scratch on Cylinder Barrel Inner Wall involving Spherical Bearing; review and disposition are required according to the nonconformance process.,DEPT-QA-02,Quality Management Department
188,188,188,LGACT-2026-0188,PIN-2026-0188,WO-LG-2026-0188,OP050,DEF-HYD-09,Pressure Holding Leakage Rate Out of Tolerance,Pressure Holding Leakage Rate Out of Tolerance involving Throttle Connector; review and disposition are required according to the nonconformance process.,QMS_SEV_WARN,Pressure Holding Leakage Rate Out of Tolerance involving Throttle Connector; review and disposition are required according to the nonconformance process.,DEPT-QA-03,Hydraulic Assembly Workshop
189,189,189,LGACT-2026-0189,PIN-2026-0189,WO-LG-2026-0189,OP060,DEF-HYD-01,Actuation Hysteresis,Actuation Hysteresis involving Displacement Sensor Bracket; review and disposition are required according to the nonconformance process.,QMS_SEV_MINOR,Actuation Hysteresis involving Displacement Sensor Bracket; review and disposition are required according to the nonconformance process.,DEPT-QA-04,Precision Machining Workshop
190,190,190,LGACT-2026-0190,PIN-2026-0190,WO-LG-2026-0190,OP070,DEF-HYD-02,Minor Leakage at Hydraulic Fitting,Minor Leakage at Hydraulic Fitting involving Locking Nut; review and disposition are required according to the nonconformance process.,QMS_SEV_MAJOR,Minor Leakage at Hydraulic Fitting involving Locking Nut; review and disposition are required according to the nonconformance process.,DEPT-QA-05,Outsourcing Quality Office
191,191,191,LGACT-2026-0191,PIN-2026-0191,WO-LG-2026-0191,OP080,DEF-HYD-03,Excessive Trunnion Bushing Clearance,Excessive Trunnion Bushing Clearance involving Piston Rod Assembly; review and disposition are required according to the nonconformance process.,QMS_SEV_CRITICAL,Excessive Trunnion Bushing Clearance involving Piston Rod Assembly; review and disposition are required according to the nonconformance process.,DEPT-QA-06,Aviation Materials Procurement Department
192,192,192,LGACT-2026-0192,PIN-2026-0192,WO-LG-2026-0192,OP010,DEF-HYD-04,Loose Displacement Sensor Bracket,Loose Displacement Sensor Bracket involving Cylinder Barrel Assembly; review and disposition are required according to the nonconformance process.,QMS_SEV_WARN,Loose Displacement Sensor Bracket involving Cylinder Barrel Assembly; review and disposition are required according to the nonconformance process.,DEPT-QA-01,Field Support Department
193,193,193,LGACT-2026-0193,PIN-2026-0193,WO-LG-2026-0193,OP020,DEF-HYD-05,Chrome Plating Scratch on Piston Rod,Chrome Plating Scratch on Piston Rod involving Front End Cap; review and disposition are required according to the nonconformance process.,QMS_SEV_MINOR,Chrome Plating Scratch on Piston Rod involving Front End Cap; review and disposition are required according to the nonconformance process.,DEPT-QA-02,Quality Management Department
194,194,194,LGACT-2026-0194,PIN-2026-0194,WO-LG-2026-0194,OP030,DEF-HYD-06,Seal Ring Compression Damage,Seal Ring Compression Damage involving Rear End Cap; review and disposition are required according to the nonconformance process.,QMS_SEV_MAJOR,Seal Ring Compression Damage involving Rear End Cap; review and disposition are required according to the nonconformance process.,DEPT-QA-03,Hydraulic Assembly Workshop
195,195,195,LGACT-2026-0195,PIN-2026-0195,WO-LG-2026-0195,OP040,DEF-HYD-07,Scratch on Cylinder Barrel Inner Wall,Scratch on Cylinder Barrel Inner Wall involving Seal Ring Assembly; review and disposition are required according to the nonconformance process.,QMS_SEV_CRITICAL,Scratch on Cylinder Barrel Inner Wall involving Seal Ring Assembly; review and disposition are required according to the nonconformance process.,DEPT-QA-04,Precision Machining Workshop
196,196,196,LGACT-2026-0196,PIN-2026-0196,WO-LG-2026-0196,OP050,DEF-HYD-08,Pressure Holding Leakage Rate Out of Tolerance,Pressure Holding Leakage Rate Out of Tolerance involving Trunnion Bushing; review and disposition are required according to the nonconformance process.,QMS_SEV_WARN,Pressure Holding Leakage Rate Out of Tolerance involving Trunnion Bushing; review and disposition are required according to the nonconformance process.,DEPT-QA-05,Outsourcing Quality Office
197,197,197,LGACT-2026-0197,PIN-2026-0197,WO-LG-2026-0197,OP060,DEF-HYD-09,Actuation Hysteresis,Actuation Hysteresis involving Spherical Bearing; review and disposition are required according to the nonconformance process.,QMS_SEV_MINOR,Actuation Hysteresis involving Spherical Bearing; review and disposition are required according to the nonconformance process.,DEPT-QA-06,Aviation Materials Procurement Department
198,198,198,LGACT-2026-0198,PIN-2026-0198,WO-LG-2026-0198,OP070,DEF-HYD-01,Minor Leakage at Hydraulic Fitting,Minor Leakage at Hydraulic Fitting involving Throttle Connector; review and disposition are required according to the nonconformance process.,QMS_SEV_MAJOR,Minor Leakage at Hydraulic Fitting involving Throttle Connector; review and disposition are required according to the nonconformance process.,DEPT-QA-01,Field Support Department
199,199,199,LGACT-2026-0199,PIN-2026-0199,WO-LG-2026-0199,OP080,DEF-HYD-02,Excessive Trunnion Bushing Clearance,Excessive Trunnion Bushing Clearance involving Displacement Sensor Bracket; review and disposition are required according to the nonconformance process.,QMS_SEV_CRITICAL,Excessive Trunnion Bushing Clearance involving Displacement Sensor Bracket; review and disposition are required according to the nonconformance process.,DEPT-QA-02,Quality Management Department
200,200,200,LGACT-2026-0200,PIN-2026-0200,WO-LG-2026-0200,OP010,DEF-HYD-03,Loose Displacement Sensor Bracket,Loose Displacement Sensor Bracket involving Locking Nut; review and disposition are required according to the nonconformance process.,QMS_SEV_WARN,Loose Displacement Sensor Bracket involving Locking Nut; review and disposition are required according to the nonconformance process.,DEPT-QA-03,Hydraulic Assembly Workshop
